Id,Area,Bedrooms,Bathrooms,Floors,YearBuilt,Location,Condition,Garage,Price
969,4483,4,4,3,1933,Urban,Excellent,No,879900.0
241,1062,3,3,1,1970,Downtown,Good,No,284500.0
820,1422,3,4,1,1993,Urban,Good,Yes,429600.0
693,2658,2,3,1,1972,Rural,Poor,Yes,284500.0
421,3286,2,4,1,1981,Rural,Excellent,Yes,568800.0
1086,829,4,1,2,1902,Downtown,Excellent,Yes,241200.0
1999,4062,3,1,2,1936,Urban,Excellent,Yes,780000.0
366,2570,3,3,2,1991,Rural,Fair,Yes,384600.0
1023,540,2,4,1,1906,Urban,Excellent,Yes,158800.0
1241,536,1,4,1,1930,Urban,Fair,Yes,128000.0
589,1173,5,3,3,1993,Urban,Fair,Yes,374000.0
737,1641,4,2,1,1940,Suburban,Fair,Yes,265000.0
1762,4406,5,3,2,1926,Rural,Poor,No,397400.0
942,4789,2,4,3,1926,Urban,Poor,No,665000.0
72,879,5,4,1,1916,Rural,Excellent,Yes,192200.0
1408,3436,4,2,2,1995,Downtown,Fair,No,944200.0
260,4776,5,3,1,1999,Urban,Poor,No,967900.0
52,2085,2,3,2,1935,Urban,Poor,Yes,309800.0
199,3608,2,3,1,1929,Downtown,Fair,Yes,662300.0
1789,3561,5,4,3,1935,Urban,Good,No,655700.0
651,3093,1,4,1,1906,Urban,Poor,Yes,463300.0
333,616,1,4,2,1912,Rural,Fair,No,94600.0
1360,4110,2,4,1,1916,Suburban,Poor,Yes,484500.0
594,2484,5,1,3,1976,Rural,Good,No,369000.0
1392,773,1,1,3,2021,Urban,Fair,Yes,240500.0
1801,1161,2,4,3,1951,Urban,Poor,Yes,239300.0
1315,1262,5,2,3,1953,Suburban,Fair,Yes,249300.0
1112,4930,3,2,2,1954,Rural,Good,No,539800.0
1007,736,3,2,3,1939,Downtown,Good,Yes,209200.0
1327,3856,4,3,3,1995,Urban,Poor,Yes,751100.0
427,4632,3,3,3,1966,Urban,Fair,No,813400.0
1559,2712,5,4,2,1999,Suburban,Poor,Yes,565600.0
1294,4026,1,2,3,1919,Suburban,Fair,Yes,548900.0
591,1270,1,1,3,1997,Downtown,Poor,No,296000.0
1958,4700,3,3,1,1917,Rural,Good,Yes,560400.0
1977,4426,1,3,3,2017,Rural,Good,No,747100.0
1133,4959,1,1,2,1916,Suburban,Good,Yes,735200.0
986,4094,1,4,3,2017,Suburban,Good,No,892200.0
399,3274,5,3,1,1978,Downtown,Excellent,No,950900.0
1512,4091,3,1,2,1952,Suburban,Poor,No,475400.0
437,4992,5,2,2,1928,Downtown,Good,No,1051000.0
193,762,1,2,2,2013,Urban,Fair,No,216800.0
1436,2770,4,3,1,1919,Rural,Fair,Yes,308700.0
615,3677,1,4,3,2015,Downtown,Good,No,1256900.0
1494,2212,1,2,3,1969,Rural,Excellent,No,318400.0
577,1960,1,3,2,1900,Downtown,Excellent,Yes,466400.0
987,1909,4,3,2,2008,Rural,Fair,Yes,382300.0
1433,2425,1,2,3,1963,Suburban,Excellent,No,468500.0
707,1812,5,4,1,1924,Suburban,Poor,Yes,259600.0
1259,4811,5,4,2,1911,Rural,Poor,No,410200.0
142,1791,2,3,3,1992,Urban,Poor,No,390700.0
1358,2309,2,2,3,1919,Downtown,Poor,Yes,392800.0
3,3592,2,2,3,1938,Downtown,Good,No,724100.0
1222,2433,4,2,1,2017,Downtown,Fair,No,739900.0
1870,1292,5,1,1,1921,Downtown,Poor,Yes,247600.0
1623,1827,1,3,3,1967,Downtown,Fair,Yes,441200.0
340,1012,2,2,1,1917,Urban,Fair,Yes,188800.0
1770,3101,1,1,3,1949,Rural,Excellent,Yes,383800.0
1537,1752,3,2,3,1920,Suburban,Good,Yes,303400.0
484,2327,1,4,1,1977,Downtown,Excellent,No,667900.0
266,2800,2,2,3,1917,Rural,Fair,Yes,277600.0
377,835,4,2,2,1905,Rural,Fair,Yes,145200.0
742,2548,1,1,3,1924,Suburban,Fair,Yes,328800.0
1014,2576,2,4,1,1952,Urban,Poor,Yes,385000.0
440,4671,3,2,3,1976,Rural,Fair,No,553000.0
272,627,5,2,2,1943,Downtown,Fair,Yes,173900.0
185,988,5,1,2,1930,Rural,Poor,Yes,141300.0
940,1268,1,4,1,1987,Suburban,Good,Yes,288700.0
245,1459,3,2,1,1966,Downtown,Poor,Yes,294000.0
932,2579,5,3,1,1913,Suburban,Fair,Yes,420500.0
446,4077,2,4,3,1947,Urban,Good,No,727000.0
597,888,5,4,2,1953,Downtown,Excellent,Yes,293200.0
818,977,5,4,1,2002,Rural,Excellent,No,267900.0
1273,3308,4,4,3,1976,Rural,Fair,No,421100.0
1677,3522,1,3,1,2017,Rural,Good,No,594300.0
487,2310,1,1,2,1964,Rural,Excellent,No,295200.0
681,1213,5,3,2,1952,Rural,Good,No,198200.0
416,3308,5,3,1,1947,Rural,Excellent,No,404900.0
274,2316,1,4,3,1952,Downtown,Excellent,Yes,576400.0
1472,806,2,4,1,2007,Suburban,Good,No,225400.0
1830,1512,5,2,2,1991,Rural,Fair,Yes,283700.0
1455,1394,2,4,3,2012,Urban,Good,No,439400.0
251,2705,3,4,3,1952,Rural,Fair,Yes,306700.0
414,1228,4,2,3,1969,Downtown,Excellent,Yes,417000.0
1386,1083,5,4,2,1988,Urban,Poor,No,288500.0
1308,3252,1,3,1,1984,Rural,Fair,Yes,419600.0
716,2897,1,4,3,1989,Downtown,Good,No,826500.0
311,3761,3,2,3,1982,Downtown,Excellent,No,1083500.0
927,2762,4,4,2,1980,Suburban,Poor,No,440800.0
382,2431,5,4,3,1913,Downtown,Excellent,Yes,594300.0
1566,2242,1,3,2,2000,Suburban,Poor,Yes,400100.0
426,2187,5,2,2,1904,Urban,Fair,No,399900.0
1875,3446,5,4,2,1996,Rural,Fair,Yes,571100.0
533,3283,5,3,1,1987,Urban,Fair,No,721700.0
753,760,5,1,3,1996,Urban,Good,No,248000.0
766,2538,3,1,2,2021,Suburban,Poor,No,470400.0
1357,1291,4,3,2,2013,Urban,Fair,Yes,401400.0
409,3767,4,2,3,2001,Downtown,Poor,No,876200.0
1615,4219,3,3,2,1982,Rural,Poor,No,457700.0
695,1993,5,4,3,1931,Downtown,Good,Yes,477800.0
1739,645,2,3,2,1916,Downtown,Excellent,Yes,202300.0
549,1424,1,1,1,2004,Downtown,Good,Yes,443100.0
937,785,3,3,3,2009,Downtown,Good,No,297300.0
1390,4667,5,1,2,1995,Suburban,Fair,No,842800.0
1608,2018,1,4,2,1987,Downtown,Poor,Yes,494100.0
1940,4768,2,3,1,1908,Rural,Excellent,No,542400.0
1482,852,1,3,1,1990,Suburban,Good,No,192600.0
183,2234,1,2,1,2017,Rural,Fair,No,321500.0
1941,1171,1,1,2,1921,Urban,Excellent,No,234600.0
1161,2924,4,2,3,1907,Rural,Fair,Yes,288600.0
171,1647,4,3,1,1967,Rural,Good,No,237700.0
293,2955,1,1,2,1978,Suburban,Good,Yes,527000.0
562,4969,5,3,2,1919,Downtown,Good,Yes,1088100.0
1457,4609,1,2,3,1961,Rural,Good,No,531800.0
1877,2460,3,2,1,1913,Suburban,Fair,No,329000.0
1652,3647,3,2,3,2004,Urban,Fair,No,865800.0
850,3097,4,4,1,1965,Suburban,Excellent,Yes,617100.0
273,2565,4,4,1,1921,Urban,Fair,No,454400.0
1550,3391,2,1,1,1970,Rural,Excellent,Yes,498800.0
1035,3972,5,3,1,2011,Suburban,Good,Yes,916000.0
1744,3679,5,1,3,1986,Rural,Excellent,Yes,646200.0
372,3316,3,1,2,1957,Rural,Poor,Yes,323700.0
1670,3363,3,1,3,1904,Urban,Poor,No,465400.0
722,1563,4,2,3,1915,Suburban,Poor,No,204400.0
734,4789,2,1,2,2011,Rural,Good,Yes,700400.0
778,3135,4,4,1,1916,Suburban,Excellent,Yes,544600.0
519,4798,3,2,2,2019,Rural,Good,Yes,814700.0
335,1650,4,4,3,1932,Rural,Fair,No,221300.0
846,2616,3,4,1,2014,Rural,Fair,Yes,464200.0
1252,3245,2,1,2,1955,Downtown,Excellent,Yes,807000.0
1053,1750,1,4,3,1981,Downtown,Fair,Yes,469400.0
1924,1267,2,2,2,1941,Suburban,Poor,No,168000.0
16,4617,1,4,2,1931,Downtown,Poor,No,686100.0
708,1960,2,1,1,1967,Downtown,Poor,Yes,402500.0
901,3781,2,1,2,1934,Urban,Poor,No,500100.0
1980,1531,5,3,3,1963,Rural,Poor,No,215200.0
1573,2881,2,2,2,1970,Suburban,Fair,Yes,483100.0
904,4100,1,1,1,1957,Downtown,Excellent,Yes,1023800.0
466,2042,1,1,2,1973,Suburban,Good,No,352800.0
1978,1355,5,4,2,1936,Downtown,Poor,No,282400.0
200,4590,3,2,1,1908,Suburban,Excellent,Yes,710800.0
1207,3670,2,3,2,1907,Downtown,Excellent,No,792200.0
1056,4650,3,4,2,1944,Downtown,Poor,Yes,719800.0
1132,4778,5,3,2,1968,Rural,Excellent,Yes,707700.0
1380,2375,2,2,3,1972,Rural,Poor,Yes,295800.0
999,4723,4,3,2,2002,Rural,Poor,No,572700.0
728,4670,5,3,1,1934,Downtown,Excellent,No,1061900.0
1772,4631,5,2,1,2004,Downtown,Fair,Yes,1350100.0
1910,1382,3,2,1,1928,Suburban,Poor,Yes,198500.0
1822,2040,1,3,1,1969,Urban,Excellent,No,475500.0
568,4500,4,3,2,1901,Rural,Excellent,Yes,527700.0
44,1863,3,3,1,2006,Urban,Excellent,No,569000.0
275,1069,5,3,3,1958,Rural,Poor,No,161200.0
1097,2250,5,3,1,2022,Downtown,Good,No,790400.0
102,1984,5,4,1,1981,Downtown,Fair,Yes,536100.0
1232,4635,4,4,2,1955,Downtown,Fair,No,861900.0
1722,1908,2,4,2,1977,Downtown,Excellent,No,563200.0
1833,2023,5,1,2,1946,Urban,Good,No,391800.0
108,2178,2,1,2,1913,Suburban,Excellent,No,359200.0
1618,1486,4,4,1,1928,Suburban,Fair,No,235800.0
498,1581,3,2,1,1964,Suburban,Poor,No,231300.0
1981,3771,2,2,1,1989,Suburban,Fair,No,633100.0
882,3917,5,2,2,1982,Rural,Poor,No,437500.0
757,4213,5,2,3,1969,Downtown,Good,No,1029900.0
620,3332,1,3,3,1938,Downtown,Good,Yes,677000.0
1107,4490,3,2,3,1992,Rural,Poor,Yes,547900.0
1936,3584,4,4,2,2002,Suburban,Excellent,Yes,857700.0
810,2651,4,4,1,1991,Urban,Good,No,642600.0
1038,3181,3,4,3,2003,Suburban,Excellent,Yes,774200.0
73,992,3,3,3,1979,Rural,Good,Yes,209900.0
1284,2047,5,1,3,1992,Rural,Fair,No,335700.0
1272,1325,2,1,2,2008,Rural,Poor,No,193600.0
1335,2323,2,3,2,1985,Suburban,Excellent,Yes,543600.0
1459,4095,1,2,3,1945,Downtown,Excellent,Yes,954800.0
482,1824,3,2,2,1966,Urban,Excellent,No,420200.0
1069,560,3,2,2,2003,Suburban,Poor,No,149500.0
507,1714,1,3,1,1927,Suburban,Poor,Yes,215200.0
1238,4633,4,4,1,1934,Suburban,Poor,No,525500.0
1862,3638,1,2,2,1984,Rural,Good,Yes,515700.0
1990,647,5,3,3,1919,Rural,Excellent,No,146600.0
1477,3420,3,1,3,1998,Rural,Poor,No,410800.0
1867,3478,4,2,1,1987,Downtown,Good,No,968400.0
1456,1014,3,2,2,2017,Suburban,Fair,No,248400.0
312,1648,3,4,2,2000,Urban,Excellent,No,540800.0
963,4175,3,1,2,1927,Downtown,Fair,Yes,761300.0
406,614,2,1,3,1957,Suburban,Good,No,129600.0
1331,1386,3,3,1,1938,Downtown,Good,Yes,339300.0
1650,3272,3,3,3,1966,Rural,Excellent,Yes,536600.0
310,1074,2,3,2,1932,Downtown,Poor,No,196200.0
227,660,5,4,2,1981,Suburban,Excellent,No,230000.0
1858,3729,4,2,2,2019,Downtown,Poor,No,935800.0
711,2233,2,3,3,1987,Downtown,Excellent,No,701000.0
1944,3542,2,1,2,1948,Rural,Fair,Yes,343500.0
1384,616,1,1,2,1911,Urban,Excellent,No,128700.0
1786,2235,5,2,3,1964,Suburban,Fair,Yes,381400.0
149,1198,4,1,3,2002,Suburban,Good,No,315800.0
1555,1807,2,1,1,1911,Rural,Fair,No,175400.0
1957,3172,5,2,1,1921,Suburban,Fair,No,402400.0
926,1489,2,4,1,1928,Rural,Poor,Yes,157900.0
943,2661,4,2,1,1981,Urban,Excellent,Yes,721400.0
837,2871,4,2,1,1914,Suburban,Poor,No,364500.0
576,2168,1,4,2,1996,Downtown,Excellent,No,642900.0
558,3371,5,2,1,1951,Urban,Good,Yes,622800.0
1236,1483,2,2,3,1911,Rural,Poor,Yes,173600.0
1361,2107,4,2,1,1979,Urban,Fair,Yes,469900.0
1348,2182,4,4,2,2011,Downtown,Good,No,756200.0
1162,4861,2,4,2,1938,Suburban,Fair,No,693100.0
1443,1607,1,1,2,1974,Urban,Good,Yes,360900.0
287,1284,2,3,3,1919,Suburban,Excellent,Yes,255200.0
1605,628,2,4,1,1965,Rural,Excellent,Yes,145100.0
1058,2285,1,1,2,1924,Rural,Poor,No,192800.0
599,2348,1,4,1,2023,Urban,Excellent,No,742500.0
933,3217,5,3,3,1943,Urban,Excellent,No,617300.0
1462,1766,4,4,3,2017,Downtown,Fair,Yes,584400.0
1638,2167,2,3,1,1905,Urban,Good,No,389300.0
1588,2789,4,1,2,1974,Urban,Poor,Yes,491400.0
1041,3567,1,2,2,1906,Downtown,Poor,No,573800.0
1231,4765,1,3,2,1900,Suburban,Poor,Yes,524500.0
807,4533,5,1,3,1982,Downtown,Fair,Yes,1099500.0
905,1454,3,3,2,1917,Downtown,Excellent,Yes,376600.0
1680,542,2,3,2,1988,Suburban,Excellent,No,166800.0
1205,1226,3,1,1,2010,Rural,Excellent,No,250300.0
768,4177,5,1,3,1970,Rural,Excellent,No,643000.0
610,2517,3,1,1,1949,Rural,Excellent,No,324300.0
1993,2450,1,3,3,2006,Urban,Good,Yes,696500.0
1565,1890,4,4,2,2005,Downtown,Fair,No,594500.0
1423,2209,1,4,1,1904,Downtown,Good,No,439500.0
1011,3041,4,1,3,2002,Suburban,Good,No,701300.0
494,4022,4,1,1,1937,Rural,Fair,No,367900.0
1321,4499,1,4,2,2014,Rural,Poor,No,571300.0
278,4363,2,3,2,2006,Rural,Good,Yes,677200.0
1847,1942,1,3,3,1997,Downtown,Good,Yes,619900.0
359,3559,4,2,3,1937,Suburban,Excellent,No,601500.0
1111,4353,5,2,3,2007,Rural,Poor,Yes,591000.0
237,3946,4,3,2,1988,Urban,Fair,No,782400.0
552,3824,4,4,2,1901,Suburban,Poor,No,456800.0
1868,4861,3,1,3,1967,Urban,Good,Yes,1017700.0
1813,2602,3,1,2,2004,Downtown,Poor,No,648300.0
209,4491,2,4,3,1912,Rural,Excellent,Yes,554100.0
1387,894,4,2,1,2002,Suburban,Poor,No,218500.0
1561,4068,1,1,2,1956,Urban,Excellent,No,815300.0
59,2000,1,4,3,1917,Suburban,Fair,Yes,306400.0
632,3945,5,2,2,1949,Downtown,Excellent,Yes,987300.0
1962,924,4,3,3,1938,Urban,Excellent,Yes,251400.0
1860,4573,4,4,2,1982,Downtown,Good,No,1201500.0
1817,4219,1,1,1,2001,Downtown,Excellent,Yes,1222400.0
364,2257,3,3,3,1940,Urban,Fair,No,389400.0
506,1004,4,2,1,1999,Rural,Good,No,202400.0
1166,4984,5,3,3,1945,Downtown,Poor,Yes,881300.0
1122,3542,4,2,1,2008,Downtown,Fair,Yes,1049300.0
1630,3732,3,4,1,1991,Urban,Fair,Yes,864800.0
1217,4569,3,1,1,1948,Downtown,Good,Yes,884000.0
1152,1313,3,2,1,1961,Urban,Good,No,256400.0
1125,4061,3,3,2,1926,Urban,Good,Yes,758200.0
1595,3749,3,1,2,1980,Suburban,Fair,Yes,585500.0
119,4127,5,2,2,1980,Urban,Excellent,No,1083100.0
1250,2896,3,3,2,1992,Rural,Poor,Yes,357000.0
1994,865,4,4,2,2020,Rural,Poor,No,218400.0
523,1756,1,2,1,1929,Suburban,Fair,Yes,242500.0
514,4127,3,1,1,1902,Suburban,Poor,Yes,453100.0
82,4974,5,1,2,1901,Suburban,Fair,No,663200.0
916,3932,5,4,2,1977,Downtown,Good,No,1024600.0
1019,574,4,3,2,1981,Downtown,Fair,No,202500.0
381,2187,5,1,2,1998,Downtown,Fair,No,587900.0
1030,4763,2,3,1,2010,Downtown,Poor,No,1058500.0
1689,4931,3,4,1,1980,Downtown,Poor,No,986300.0
85,3599,1,3,1,2009,Urban,Good,No,886400.0
1678,3871,3,4,2,2000,Rural,Fair,No,593400.0
330,4175,1,2,3,1904,Urban,Good,Yes,727100.0
7,3671,1,1,2,1948,Rural,Poor,Yes,322200.0
746,2417,4,2,2,1952,Rural,Good,Yes,299300.0
1554,1075,5,1,1,1972,Urban,Poor,Yes,233800.0
915,1466,1,3,3,1985,Downtown,Good,No,410700.0
874,4646,2,2,3,1927,Urban,Poor,No,592800.0
452,3722,1,3,2,2018,Downtown,Excellent,Yes,1382100.0
491,1213,2,1,2,1989,Suburban,Excellent,Yes,308200.0
1481,4630,2,2,2,2007,Rural,Good,Yes,744900.0
288,3675,4,4,3,2003,Rural,Poor,Yes,531100.0
949,2401,4,1,3,1933,Urban,Poor,No,346100.0
1986,907,5,1,2,1932,Urban,Poor,No,171500.0
1369,4944,4,3,1,1992,Rural,Poor,Yes,578300.0
1147,2961,1,3,3,1983,Downtown,Fair,Yes,691300.0
706,3948,1,3,3,1983,Urban,Good,No,891900.0
1727,4476,3,1,3,1962,Suburban,Excellent,Yes,809800.0
1702,2192,1,2,3,1988,Rural,Fair,No,298900.0
1629,1074,4,4,3,1960,Urban,Poor,Yes,247300.0
1600,3293,1,3,2,1970,Rural,Fair,Yes,381000.0
1539,2546,3,4,1,2015,Suburban,Fair,No,542400.0
1406,2076,4,1,1,1907,Downtown,Fair,No,380100.0
1651,4226,1,3,3,1981,Suburban,Poor,No,622800.0
328,619,1,1,3,1948,Suburban,Poor,Yes,109000.0
443,2319,4,2,3,1936,Urban,Fair,No,361400.0
775,2408,4,3,2,1928,Suburban,Fair,Yes,375500.0
1088,4394,4,3,2,2004,Urban,Excellent,No,1277800.0
1221,2876,3,3,3,1961,Urban,Poor,Yes,455700.0
1636,4181,2,2,2,1964,Rural,Excellent,No,538800.0
178,1869,4,2,3,1907,Suburban,Excellent,No,360100.0
1323,3006,1,4,3,1946,Downtown,Poor,No,475300.0
705,4312,5,3,3,1933,Suburban,Good,No,605200.0
87,3604,5,4,3,1958,Suburban,Excellent,No,711500.0
1884,4179,1,3,1,1954,Downtown,Poor,No,653300.0
1948,3057,5,3,3,1952,Urban,Poor,Yes,488100.0
458,3794,3,1,2,2017,Urban,Excellent,Yes,1124400.0
1829,2266,2,2,3,2015,Rural,Excellent,Yes,462700.0
55,1521,5,2,1,1981,Downtown,Fair,Yes,443700.0
1502,4890,3,1,1,1916,Downtown,Fair,Yes,851500.0
644,2469,5,2,2,1979,Suburban,Poor,No,378700.0
678,2406,3,4,1,1919,Suburban,Fair,No,368700.0
222,3369,4,4,2,1930,Suburban,Fair,Yes,452400.0
114,3125,1,4,3,2021,Downtown,Poor,No,881200.0
983,4677,2,3,3,1923,Suburban,Fair,Yes,601200.0
1229,1718,4,1,2,1955,Urban,Excellent,Yes,415600.0
1000,3268,1,2,2,1962,Rural,Poor,Yes,320600.0
175,2294,4,4,2,1991,Suburban,Fair,No,479500.0
782,3465,1,3,1,1957,Rural,Excellent,No,407600.0
590,2665,5,1,2,1904,Rural,Poor,No,238800.0
1560,2852,4,3,1,1991,Suburban,Poor,Yes,494400.0
19,1582,2,2,2,2013,Suburban,Good,No,369500.0
424,2071,2,4,2,2015,Downtown,Good,Yes,735200.0
1344,1488,3,4,2,1975,Suburban,Excellent,Yes,388700.0
286,4557,5,4,2,2014,Rural,Poor,Yes,605100.0
1584,1729,4,3,2,1974,Rural,Poor,No,229800.0
429,3940,2,4,1,2020,Rural,Good,Yes,717600.0
1510,3458,1,4,2,1966,Rural,Poor,Yes,376200.0
1319,1406,2,4,2,1942,Downtown,Poor,Yes,260900.0
670,2625,3,3,2,1916,Downtown,Good,No,562000.0
32,4056,2,3,2,1935,Suburban,Excellent,Yes,717300.0
941,3557,2,3,3,1905,Downtown,Excellent,No,755400.0
723,4824,1,3,3,1998,Downtown,Good,Yes,1283700.0
995,1887,1,3,1,1948,Suburban,Excellent,Yes,320700.0
215,3683,3,3,1,1908,Suburban,Fair,Yes,499200.0
814,697,1,4,1,1910,Rural,Fair,Yes,112200.0
327,2182,2,2,1,1968,Suburban,Excellent,Yes,463900.0
561,2324,1,4,3,1992,Rural,Poor,No,298500.0
1113,1128,1,2,3,1971,Suburban,Poor,Yes,203900.0
701,4014,3,4,2,1969,Downtown,Fair,Yes,875000.0
1579,1558,2,3,3,1930,Downtown,Good,No,327200.0
1190,510,3,1,1,1992,Rural,Good,Yes,128100.0
342,1059,3,1,3,2016,Downtown,Poor,No,311800.0
630,2406,4,2,3,2013,Rural,Excellent,No,508500.0
148,3652,4,3,3,1943,Urban,Fair,No,561800.0
1310,3691,2,1,2,1930,Rural,Fair,Yes,361800.0
361,2765,3,4,1,1987,Rural,Excellent,Yes,494600.0
84,2778,2,2,1,1947,Downtown,Fair,Yes,507600.0
49,534,1,3,2,1999,Downtown,Poor,Yes,185100.0
469,3181,5,3,3,1931,Urban,Excellent,Yes,649700.0
156,2233,5,4,1,1961,Rural,Excellent,No,336900.0
773,2469,5,3,1,1958,Rural,Excellent,No,367500.0
1240,1413,5,2,1,1951,Rural,Good,No,210800.0
1201,3053,5,2,1,1912,Rural,Poor,Yes,293800.0
1403,1278,3,2,2,1968,Urban,Poor,No,251100.0
1203,2296,4,3,2,1919,Rural,Poor,No,227400.0
1631,3132,1,4,1,1929,Suburban,Excellent,Yes,532700.0
501,1884,4,3,2,2005,Downtown,Excellent,Yes,731800.0
1765,3851,2,3,2,2008,Downtown,Excellent,No,1281100.0
180,646,1,3,1,1997,Suburban,Good,No,183100.0
1048,4350,5,3,1,1918,Downtown,Poor,No,644400.0
1756,1600,1,4,2,1999,Suburban,Good,Yes,408800.0
951,4564,3,3,1,1946,Suburban,Fair,No,590500.0
1317,3007,5,2,3,1912,Suburban,Fair,No,411500.0
1620,4940,1,2,1,2002,Suburban,Good,Yes,1059200.0
529,3830,3,2,3,1998,Downtown,Excellent,No,1238700.0
347,1080,2,2,2,1938,Downtown,Poor,No,180300.0
1388,4288,5,4,3,1917,Rural,Excellent,No,567000.0
1961,892,2,3,1,1942,Urban,Fair,No,167700.0
1051,686,5,3,1,1947,Urban,Good,Yes,187000.0
1973,1275,1,2,2,2014,Downtown,Good,No,424200.0
1442,3889,1,4,1,1933,Rural,Excellent,Yes,482800.0
602,3778,4,2,3,1930,Suburban,Good,No,538100.0
1282,1088,2,2,1,1912,Urban,Good,Yes,218400.0
244,725,2,2,3,1954,Suburban,Excellent,Yes,182900.0
1337,3655,1,3,2,1980,Suburban,Good,Yes,667100.0
1068,1740,1,4,3,1926,Urban,Fair,No,311800.0
1476,811,1,1,1,1909,Downtown,Excellent,Yes,206700.0
313,2215,1,2,3,1982,Downtown,Fair,Yes,564200.0
436,1865,1,1,2,1962,Urban,Poor,Yes,300400.0
1899,2453,5,3,2,1950,Suburban,Good,Yes,433400.0
1329,538,2,4,2,1961,Downtown,Excellent,Yes,192300.0
309,4269,3,4,3,1940,Urban,Good,No,757800.0
431,2826,3,1,3,1967,Downtown,Fair,No,580500.0
661,4932,2,4,3,1928,Urban,Good,No,818400.0
371,2131,4,1,2,1928,Rural,Fair,Yes,242200.0
567,4425,4,4,2,1924,Rural,Poor,Yes,367900.0
980,3952,2,1,1,1977,Rural,Fair,Yes,482600.0
182,3411,5,4,2,1904,Suburban,Fair,Yes,485700.0
1363,4176,5,3,3,2019,Urban,Poor,No,949200.0
622,3531,3,3,2,1945,Rural,Fair,No,356600.0
819,1754,2,4,2,1999,Downtown,Excellent,No,607400.0
1193,4064,4,4,2,1957,Urban,Excellent,Yes,869500.0
953,2323,5,2,3,1974,Urban,Poor,Yes,431500.0
1422,589,5,2,3,1919,Downtown,Good,Yes,201100.0
1841,2996,1,4,2,2015,Rural,Poor,Yes,425400.0
923,2292,3,2,1,1901,Downtown,Excellent,No,525500.0
1074,4069,5,3,3,1918,Suburban,Fair,Yes,549700.0
297,4615,2,2,3,1926,Suburban,Fair,Yes,632800.0
967,3691,2,2,3,1922,Urban,Excellent,No,687300.0
462,1453,4,3,1,1941,Suburban,Excellent,Yes,291000.0
1303,2387,4,3,3,1913,Suburban,Poor,No,308500.0
1177,1204,1,3,1,2007,Urban,Excellent,Yes,368900.0
378,1395,3,3,3,1925,Rural,Fair,No,176700.0
799,4097,3,1,1,2023,Suburban,Good,No,945000.0
1103,988,4,4,3,1901,Rural,Excellent,No,193000.0
106,4691,2,3,3,1928,Rural,Excellent,Yes,565800.0
127,1806,2,1,3,1999,Downtown,Fair,No,468300.0
1996,4994,5,4,3,1923,Suburban,Poor,No,618200.0
839,4256,3,4,2,1903,Urban,Fair,No,700000.0
356,1743,2,1,1,1905,Urban,Excellent,No,325300.0
1617,4452,3,1,3,2006,Downtown,Poor,No,1031500.0
683,2476,5,4,1,1955,Urban,Poor,No,396600.0
813,2470,3,4,2,1962,Downtown,Excellent,No,694500.0
1681,1443,2,3,3,1925,Rural,Good,No,185500.0
210,2148,5,4,3,2002,Downtown,Good,No,813100.0
1493,1455,5,3,1,2001,Downtown,Poor,No,391100.0
141,2353,5,3,1,1978,Downtown,Fair,No,590400.0
1975,2747,3,1,3,2002,Rural,Poor,No,351600.0
1340,4278,1,3,3,1932,Rural,Poor,No,348000.0
1798,2901,3,1,3,1970,Suburban,Good,Yes,513200.0
1575,1816,1,4,3,1930,Rural,Excellent,No,242500.0
1182,2541,5,4,3,1951,Suburban,Poor,No,376700.0
1394,4933,1,2,1,1942,Downtown,Poor,Yes,746900.0
1816,2431,1,4,2,1901,Rural,Excellent,No,287200.0
712,2105,3,4,2,1984,Rural,Poor,No,276600.0
1794,3317,4,1,3,1911,Suburban,Excellent,Yes,580500.0
893,701,2,1,2,1968,Downtown,Fair,Yes,200800.0
860,3781,4,1,2,2017,Urban,Fair,Yes,991400.0
11,1269,1,4,2,1947,Suburban,Poor,Yes,185100.0
1695,4919,3,1,3,2019,Downtown,Poor,Yes,1230500.0
1428,1386,2,1,3,1992,Urban,Poor,No,270300.0
283,654,1,4,1,1956,Suburban,Poor,Yes,137700.0
811,4518,3,2,1,1998,Urban,Excellent,No,1215800.0
1342,3953,4,1,1,1980,Rural,Fair,No,481600.0
292,2341,1,4,1,1974,Downtown,Fair,No,521200.0
755,2719,3,2,3,1900,Urban,Good,Yes,477800.0
627,4638,1,2,2,1943,Downtown,Poor,No,663200.0
944,3793,4,4,3,1987,Urban,Fair,No,829300.0
862,2139,4,1,2,1998,Rural,Fair,Yes,326700.0
130,1782,5,3,3,1961,Downtown,Poor,Yes,381000.0
1176,931,2,3,1,1978,Downtown,Good,No,265100.0
324,4965,1,4,2,2005,Suburban,Excellent,No,1272800.0
1091,4163,5,1,2,1947,Downtown,Poor,No,655000.0
844,1293,4,4,3,1958,Urban,Poor,Yes,276600.0
964,3554,1,4,2,2003,Downtown,Good,Yes,1083600.0
1865,4994,1,2,2,1986,Suburban,Fair,Yes,901300.0
866,4951,3,1,2,1962,Rural,Fair,Yes,524300.0
922,4922,4,2,2,1965,Downtown,Poor,No,842000.0
696,4507,1,2,2,1960,Rural,Poor,Yes,402500.0
216,3057,1,3,1,1901,Suburban,Good,Yes,462800.0
1781,3064,4,1,3,2001,Rural,Poor,Yes,394400.0
1262,2639,1,4,2,1954,Downtown,Good,Yes,583400.0
159,3755,5,2,1,2001,Suburban,Fair,Yes,729100.0
1059,1250,4,3,3,2015,Urban,Fair,Yes,421900.0
989,4991,1,3,2,1971,Urban,Poor,Yes,792000.0
842,3174,3,3,2,1937,Urban,Good,No,571200.0
635,3447,5,1,3,2022,Urban,Fair,No,874800.0
517,3433,1,3,3,1975,Suburban,Good,No,624900.0
1429,927,1,3,1,1979,Urban,Good,Yes,243200.0
1748,4003,4,4,3,1956,Urban,Poor,No,623700.0
598,3537,5,3,1,1902,Rural,Fair,No,349500.0
196,4143,3,4,1,1902,Rural,Good,No,445400.0
1784,4755,1,1,2,1998,Downtown,Poor,No,1033900.0
870,3677,1,3,2,1952,Downtown,Poor,Yes,652800.0
411,2016,3,1,1,2005,Downtown,Poor,No,494100.0
97,1002,5,1,3,2014,Rural,Fair,Yes,255200.0
1001,4453,5,1,2,1946,Downtown,Excellent,No,1047700.0
1506,1769,4,3,2,1975,Urban,Good,No,417700.0
157,4010,4,2,1,2005,Rural,Excellent,No,755700.0
420,3467,4,3,3,1966,Downtown,Poor,Yes,675300.0
1803,4119,4,4,3,1932,Suburban,Fair,No,552600.0
478,999,4,1,1,2014,Suburban,Fair,No,258700.0
1856,1093,3,1,1,1964,Downtown,Poor,Yes,229700.0
669,4623,3,1,1,1920,Urban,Fair,Yes,639100.0
1418,2449,1,1,2,2016,Suburban,Excellent,No,621500.0
1872,594,3,1,2,1981,Downtown,Good,Yes,209700.0
1300,1745,5,2,3,1971,Urban,Poor,No,345900.0
448,3640,4,1,2,1998,Urban,Good,Yes,882300.0
554,755,3,1,1,2000,Urban,Excellent,Yes,271100.0
179,2486,3,2,1,1943,Suburban,Fair,No,336100.0
391,4880,1,1,1,1912,Suburban,Poor,Yes,510000.0
579,3224,1,4,2,1904,Urban,Fair,Yes,491000.0
1478,1582,3,4,2,1983,Suburban,Poor,No,295300.0
1707,3136,5,4,2,1985,Downtown,Fair,No,823800.0
1288,2190,3,1,2,1926,Downtown,Poor,No,358900.0
1645,4212,5,4,2,1976,Rural,Poor,No,454000.0
1024,2581,2,2,2,2001,Urban,Excellent,No,794500.0
821,919,4,3,1,1986,Urban,Good,No,265300.0
1825,2868,2,1,2,1962,Downtown,Excellent,Yes,738500.0
985,2420,3,4,1,2005,Downtown,Fair,No,689600.0
1339,4030,5,4,1,1990,Urban,Excellent,Yes,1095500.0
665,802,5,2,3,1978,Suburban,Poor,No,185600.0
143,4081,4,1,3,1903,Downtown,Poor,No,594700.0
1517,501,4,1,3,1905,Rural,Good,No,105100.0
1430,2395,1,4,2,1953,Downtown,Fair,No,465700.0
865,4031,3,3,2,1910,Suburban,Good,No,571100.0
422,1622,5,1,3,2002,Suburban,Good,No,433100.0
637,780,5,4,2,2013,Downtown,Fair,No,337400.0
1407,2948,3,4,1,1988,Rural,Poor,No,339000.0
800,4262,3,3,2,1998,Suburban,Excellent,Yes,1015600.0
1404,713,4,3,2,1981,Downtown,Poor,No,218200.0
616,2628,1,1,1,1975,Suburban,Fair,No,413800.0
295,3450,2,4,3,1982,Rural,Poor,Yes,418900.0
924,2259,2,1,2,1914,Urban,Excellent,No,424400.0
1269,4238,4,4,3,1972,Urban,Fair,No,808500.0
1903,956,3,2,1,1936,Urban,Good,No,201900.0
89,4145,1,1,2,1998,Urban,Good,Yes,971600.0
42,3324,5,3,3,1921,Downtown,Good,No,695200.0
1802,4383,2,1,3,1930,Suburban,Fair,Yes,574400.0
1934,3208,5,2,2,1929,Urban,Poor,No,454900.0
132,4913,4,2,3,1928,Urban,Poor,No,663200.0
1002,3686,4,1,1,1925,Urban,Fair,No,595200.0
1158,4011,4,3,1,1921,Suburban,Good,No,639900.0
1095,3208,5,4,2,1905,Rural,Fair,No,358300.0
1855,3225,5,2,3,1910,Downtown,Excellent,Yes,791700.0
1345,4616,3,4,2,2011,Rural,Good,No,779500.0
1499,1941,3,4,3,1933,Downtown,Fair,No,407500.0
165,3431,1,2,1,1957,Suburban,Fair,Yes,510300.0
725,1419,4,2,2,1915,Urban,Poor,No,230400.0
291,1037,1,4,3,1904,Downtown,Good,Yes,251900.0
1209,2096,2,2,2,1972,Urban,Good,Yes,441200.0
1589,1739,3,4,2,1928,Rural,Excellent,No,235100.0
1897,3701,3,2,1,2012,Urban,Excellent,No,1085400.0
1642,1500,3,4,2,1910,Downtown,Fair,No,330300.0
1362,1484,5,3,1,1918,Rural,Poor,Yes,191900.0
779,2070,2,3,3,1913,Suburban,Fair,No,296700.0
840,4725,5,3,2,1985,Suburban,Poor,Yes,746600.0
349,3647,4,3,3,1925,Suburban,Poor,No,426600.0
1945,2942,4,2,2,1900,Suburban,Good,No,454600.0
572,884,2,2,2,1969,Downtown,Fair,Yes,255200.0
918,4743,5,2,3,1911,Urban,Excellent,No,929600.0
977,3656,4,2,2,1927,Suburban,Fair,No,485000.0
1914,2648,1,2,1,1909,Urban,Poor,Yes,369800.0
1469,4202,1,3,3,1933,Downtown,Fair,No,710400.0
1592,4812,2,1,2,1938,Urban,Excellent,No,791400.0
1318,528,3,4,3,1927,Rural,Excellent,No,119400.0
1845,4906,5,2,2,2003,Urban,Good,Yes,1271100.0
137,4243,1,4,3,1905,Downtown,Fair,No,736400.0
459,1656,1,3,2,1914,Rural,Poor,Yes,164900.0
376,3339,1,4,1,2017,Rural,Poor,No,426100.0
1343,4011,5,3,3,1941,Urban,Excellent,Yes,827400.0
334,3338,2,2,1,1927,Rural,Fair,Yes,318900.0
1160,1762,4,4,2,1947,Downtown,Fair,Yes,378800.0
1761,4229,1,4,3,1922,Downtown,Good,Yes,899300.0
1458,2634,5,4,2,1922,Rural,Fair,No,304400.0
817,2535,3,3,1,2011,Suburban,Good,Yes,620500.0
1115,3430,2,3,2,2017,Downtown,Poor,Yes,879400.0
1006,4533,3,2,1,1906,Suburban,Poor,No,511700.0
1857,2326,2,2,2,1933,Suburban,Fair,No,333900.0
1955,3101,3,3,1,1908,Suburban,Poor,No,356200.0
1851,743,3,3,3,1937,Urban,Fair,Yes,175500.0
911,4658,1,2,3,1942,Urban,Good,No,761300.0
1930,3145,3,3,3,2021,Downtown,Poor,Yes,915200.0
1126,1114,5,3,1,1900,Downtown,Good,No,260000.0
329,1330,2,4,1,1925,Downtown,Fair,No,277000.0
1248,1824,3,1,1,1906,Suburban,Excellent,Yes,312900.0
319,504,5,2,1,1925,Downtown,Fair,No,145900.0
1690,2338,3,3,3,1920,Rural,Good,Yes,286200.0
1359,2755,4,3,3,1915,Rural,Good,No,302700.0
1733,1572,1,2,2,1977,Suburban,Good,No,296400.0
168,4082,3,4,2,1956,Downtown,Fair,Yes,887400.0
13,2933,4,3,2,1901,Downtown,Poor,No,485900.0
1927,3529,2,3,1,2014,Downtown,Poor,Yes,786500.0
172,4782,5,3,2,2018,Suburban,Excellent,No,1220700.0
650,3617,4,1,1,1917,Rural,Fair,Yes,372100.0
1062,4960,2,2,1,1924,Urban,Fair,Yes,674900.0
261,1106,2,2,1,1965,Urban,Poor,Yes,203900.0
1367,1550,1,3,1,1937,Rural,Excellent,No,193100.0
1549,2493,2,3,3,1996,Rural,Excellent,No,454000.0
902,974,1,2,2,2000,Urban,Fair,Yes,261800.0
673,2146,2,4,3,2006,Urban,Excellent,Yes,677100.0
259,801,1,2,2,2012,Rural,Poor,Yes,158400.0
845,2334,5,1,2,1989,Suburban,Good,Yes,519700.0
868,4376,3,4,1,1975,Rural,Fair,Yes,551600.0
1800,4711,3,3,3,1935,Urban,Fair,Yes,752200.0
139,3804,5,3,1,1941,Rural,Excellent,No,481200.0
894,4007,5,1,2,1903,Downtown,Fair,No,764300.0
1838,2908,5,3,1,1914,Urban,Good,Yes,544600.0
550,3456,5,3,1,1926,Urban,Excellent,No,672000.0
320,1376,4,2,3,1995,Suburban,Poor,Yes,301700.0
1527,2778,1,3,2,2012,Downtown,Excellent,No,1031400.0
1806,3874,2,2,1,1940,Urban,Fair,Yes,566900.0
1178,3132,2,3,1,1916,Suburban,Good,Yes,466200.0
559,1297,3,3,2,1944,Urban,Poor,No,215500.0
140,4263,3,1,1,1928,Urban,Excellent,No,762100.0
1735,1816,5,3,1,1927,Urban,Good,No,365600.0
532,1853,5,1,1,1965,Urban,Good,Yes,390100.0
225,1456,1,3,1,1901,Downtown,Good,No,294000.0
724,3095,2,3,1,2021,Suburban,Excellent,Yes,868200.0
787,1814,1,2,1,2017,Suburban,Poor,Yes,367500.0
1718,1975,4,3,3,1989,Suburban,Fair,Yes,436900.0
1008,1804,1,2,1,1991,Urban,Good,Yes,457000.0
410,1325,1,3,2,1902,Suburban,Fair,Yes,213700.0
326,2193,4,4,2,2016,Rural,Fair,Yes,404900.0
1766,2849,1,2,1,1936,Rural,Fair,Yes,268300.0
300,4995,2,1,3,1925,Urban,Good,No,846800.0
1263,2204,3,1,1,2002,Downtown,Excellent,No,744700.0
1946,2855,2,4,2,1972,Urban,Good,No,603900.0
26,3234,5,4,2,1959,Urban,Good,Yes,674500.0
1859,3787,1,4,3,1900,Suburban,Good,Yes,568800.0
715,4017,4,3,2,1915,Downtown,Excellent,No,904600.0
1010,1801,2,1,2,1961,Rural,Excellent,No,241200.0
194,1123,3,2,1,1975,Downtown,Poor,Yes,255700.0
441,4860,3,4,2,1940,Suburban,Poor,No,564900.0
574,2500,3,1,3,2020,Urban,Poor,Yes,584600.0
947,4650,2,4,2,1923,Rural,Fair,Yes,429300.0
998,2606,5,3,1,1971,Urban,Good,No,594100.0
504,2496,5,4,3,2018,Downtown,Fair,No,822500.0
606,2650,5,4,3,2017,Downtown,Good,Yes,1006400.0
1717,535,5,1,2,1904,Downtown,Excellent,No,171600.0
1164,3930,2,1,3,1934,Suburban,Fair,Yes,487100.0
1787,2085,5,4,1,1959,Downtown,Poor,No,406700.0
847,4606,4,1,2,1974,Downtown,Good,No,1121800.0
4,966,4,2,2,1902,Suburban,Fair,Yes,197500.0
1287,3617,5,4,3,1959,Urban,Fair,Yes,635900.0
1223,1880,1,4,3,1935,Suburban,Good,No,303100.0
468,3493,4,1,1,1963,Urban,Good,Yes,719300.0
322,4642,3,3,3,1971,Suburban,Excellent,Yes,951900.0
6,3944,1,2,1,1906,Urban,Poor,No,501400.0
223,3734,1,3,2,2007,Urban,Good,No,971500.0
1375,1026,3,2,3,1959,Rural,Good,No,171100.0
548,3279,2,3,2,2003,Rural,Fair,Yes,489900.0
229,1800,2,1,2,2009,Rural,Excellent,No,324400.0
40,741,4,1,3,1968,Downtown,Excellent,No,248600.0
543,1039,5,3,2,1930,Urban,Poor,Yes,218100.0
243,3854,2,1,3,2017,Rural,Fair,Yes,606600.0
899,2622,5,4,1,2020,Downtown,Poor,Yes,785000.0
1134,538,1,4,3,1907,Rural,Poor,Yes,102600.0
1449,707,3,1,2,1953,Suburban,Excellent,No,161100.0
1869,2485,1,2,1,1911,Downtown,Fair,Yes,436000.0
843,2455,5,3,1,1922,Suburban,Good,Yes,387400.0
1419,1417,3,2,1,1991,Rural,Poor,Yes,229900.0
1654,2690,3,2,3,1930,Rural,Excellent,Yes,343500.0
1970,1288,2,2,1,1968,Suburban,Excellent,No,279100.0
662,2555,3,3,3,1922,Urban,Fair,No,416800.0
1211,2966,2,3,3,2004,Rural,Poor,No,367800.0
315,2991,4,4,3,2010,Rural,Fair,No,525400.0
692,1669,5,2,1,1917,Rural,Excellent,No,245500.0
1504,1894,1,2,1,2003,Downtown,Excellent,Yes,643200.0
425,2643,1,3,3,1975,Suburban,Good,Yes,514700.0
595,1577,4,1,2,1956,Suburban,Excellent,Yes,338000.0
1964,4131,1,3,2,1905,Suburban,Excellent,No,672000.0
623,4664,3,3,3,1995,Rural,Fair,Yes,704100.0
1171,1665,1,3,3,1990,Rural,Excellent,Yes,323900.0
1044,3366,4,4,2,1970,Urban,Poor,Yes,595000.0
228,4993,4,3,1,1976,Suburban,Poor,Yes,696000.0
1118,2000,1,2,1,2010,Rural,Excellent,Yes,380000.0
1332,3344,1,3,3,1936,Urban,Good,Yes,613400.0
1316,2928,4,2,1,1904,Urban,Poor,Yes,401500.0
67,1516,4,4,3,1938,Rural,Excellent,Yes,247900.0
25,689,5,1,3,1900,Urban,Excellent,Yes,196400.0
145,2136,2,2,1,2013,Rural,Good,Yes,385400.0
537,1167,3,4,3,1993,Urban,Poor,Yes,300000.0
812,3610,4,1,2,2006,Downtown,Good,No,1053800.0
1467,2427,4,2,3,1937,Urban,Fair,Yes,452800.0
86,700,4,1,3,1913,Suburban,Fair,No,134100.0
1661,4068,2,3,1,2000,Urban,Excellent,No,1178100.0
1646,1867,1,3,3,2000,Suburban,Fair,Yes,411800.0
1805,2834,4,4,1,1917,Downtown,Fair,No,501900.0
1818,3062,3,4,1,1914,Downtown,Excellent,No,678700.0
1577,781,2,4,3,1961,Suburban,Fair,No,158000.0
1145,3741,1,4,2,1952,Suburban,Poor,No,442300.0
363,2135,3,1,1,1926,Rural,Good,Yes,245400.0
1612,2974,2,2,2,1970,Suburban,Excellent,No,543700.0
1866,4725,3,3,2,1920,Rural,Fair,No,420400.0
1027,4552,4,4,3,1966,Downtown,Fair,No,980500.0
1031,1109,5,2,2,2005,Downtown,Poor,No,328600.0
1304,1765,4,1,2,1990,Rural,Poor,Yes,250500.0
1356,1292,5,4,2,1992,Downtown,Fair,No,366600.0
1731,2160,3,1,2,1947,Urban,Excellent,No,427500.0
666,1138,1,2,3,1948,Urban,Excellent,Yes,258100.0
365,4952,2,2,1,1971,Rural,Excellent,No,685900.0
78,2527,3,3,1,1994,Rural,Good,Yes,411000.0
28,2399,2,4,1,1934,Downtown,Excellent,Yes,574100.0
1437,1939,1,1,1,1950,Urban,Excellent,No,373600.0
526,4084,5,4,2,1984,Downtown,Excellent,Yes,1162000.0
1835,3056,5,2,2,1949,Urban,Poor,No,438200.0
56,3961,4,3,1,1949,Urban,Poor,Yes,592600.0
639,2387,4,2,2,1935,Suburban,Poor,Yes,297500.0
303,1666,2,1,1,1982,Rural,Fair,No,221100.0
719,1660,3,4,2,2012,Suburban,Poor,Yes,374100.0
625,4800,5,3,1,2011,Suburban,Excellent,No,1290000.0
8,3419,2,4,1,1925,Suburban,Good,Yes,528900.0
804,2692,3,1,1,1953,Downtown,Excellent,No,622800.0
1050,1636,1,3,1,1908,Urban,Poor,Yes,259400.0
337,1512,4,4,3,1922,Urban,Fair,No,282500.0
48,4514,2,1,3,1952,Rural,Poor,No,390800.0
1764,4508,4,2,3,2020,Downtown,Fair,No,1236700.0
107,2257,2,4,3,1906,Downtown,Excellent,Yes,586500.0
350,4749,1,2,1,1947,Downtown,Fair,No,821000.0
1080,4697,4,3,3,1932,Suburban,Poor,Yes,580400.0
239,2193,5,1,2,2000,Suburban,Excellent,No,544800.0
214,753,2,2,3,1986,Suburban,Fair,No,181100.0
1776,2972,3,1,3,1989,Urban,Fair,Yes,626300.0
1139,4611,3,1,1,2019,Rural,Excellent,No,853600.0
794,2636,5,1,1,2009,Suburban,Excellent,Yes,669400.0
1587,3240,4,2,3,1967,Suburban,Excellent,Yes,663800.0
1583,1508,5,1,2,1956,Suburban,Fair,No,247300.0
1672,2447,3,4,1,1935,Rural,Good,Yes,292500.0
524,3876,5,3,2,1968,Urban,Poor,Yes,678800.0
233,4996,2,1,3,1943,Urban,Fair,Yes,770600.0
645,4656,1,1,1,1940,Suburban,Excellent,Yes,722400.0
1508,1029,2,4,3,1939,Rural,Poor,No,134800.0
534,3331,5,1,1,1930,Downtown,Excellent,Yes,729600.0
1942,663,3,1,2,1933,Urban,Fair,No,132400.0
604,4481,1,1,3,1987,Rural,Fair,Yes,590100.0
1330,3842,3,1,1,2008,Suburban,Excellent,No,948100.0
1075,1752,2,2,3,1927,Rural,Excellent,No,235000.0
1305,1540,5,1,2,1924,Urban,Excellent,Yes,356700.0
61,4797,5,1,2,1965,Suburban,Good,Yes,801200.0
1264,862,1,3,3,2005,Downtown,Poor,No,234600.0
93,2070,2,2,2,2010,Downtown,Poor,No,496000.0
667,555,2,4,2,1932,Suburban,Poor,Yes,122000.0
281,2186,2,1,1,1907,Rural,Excellent,Yes,271000.0
1114,4732,4,3,3,2000,Downtown,Poor,No,1098600.0
360,3459,2,3,2,2005,Urban,Poor,Yes,696300.0
1129,3167,1,2,3,1932,Downtown,Excellent,Yes,711200.0
1170,4000,4,3,1,1936,Suburban,Fair,No,556000.0
848,3825,5,3,3,1927,Downtown,Poor,Yes,700000.0
1522,2865,5,4,2,1951,Urban,Poor,Yes,473600.0
111,2222,1,1,3,1998,Suburban,Excellent,No,475200.0
43,3112,4,3,1,1987,Suburban,Excellent,No,700300.0
126,2737,3,3,2,1999,Urban,Poor,Yes,632500.0
205,1654,5,2,2,1945,Urban,Poor,No,252000.0
53,4443,5,1,1,1951,Rural,Excellent,No,525700.0
546,4275,3,2,3,2020,Rural,Poor,Yes,581000.0
69,1378,2,1,1,1953,Rural,Fair,Yes,167400.0
1741,1962,5,2,2,1948,Urban,Good,Yes,394800.0
1548,3139,5,2,3,1970,Downtown,Excellent,Yes,902600.0
184,2343,4,2,3,1968,Suburban,Excellent,Yes,514400.0
138,1995,4,1,3,2019,Urban,Poor,No,471500.0
900,885,4,2,2,2014,Urban,Excellent,No,325100.0
797,2363,5,2,1,1925,Urban,Poor,No,348100.0
133,4248,4,4,2,2013,Rural,Excellent,No,769400.0
81,891,1,1,2,2000,Suburban,Good,No,199200.0
1987,3211,4,3,3,1965,Urban,Good,No,686300.0
1541,4896,4,1,2,1954,Downtown,Good,Yes,1031200.0
542,3245,1,4,3,1959,Urban,Poor,Yes,486400.0
1669,4365,5,4,1,1985,Suburban,Poor,Yes,731400.0
984,1013,2,2,3,1907,Rural,Fair,No,126800.0
166,697,3,4,3,2011,Downtown,Excellent,No,331900.0
249,516,2,1,1,1956,Urban,Fair,No,115400.0
447,643,3,2,3,1923,Suburban,Fair,No,130000.0
1515,1439,3,4,3,1982,Urban,Excellent,Yes,439800.0
859,3505,4,2,1,1913,Rural,Good,Yes,380700.0
1212,3237,5,1,2,1966,Rural,Poor,Yes,343800.0
98,4993,3,4,3,1940,Downtown,Poor,Yes,801700.0
1974,4526,3,1,3,1936,Rural,Fair,No,427300.0
738,2310,3,2,1,1905,Rural,Poor,No,214400.0
1256,2496,5,1,1,1963,Downtown,Good,No,557800.0
103,1363,1,3,2,1915,Suburban,Good,No,212400.0
435,1228,1,3,2,1991,Rural,Fair,No,202000.0
75,4384,5,4,3,1930,Rural,Excellent,No,486700.0
1792,841,2,2,2,1937,Downtown,Good,Yes,208600.0
1235,1454,3,1,1,1929,Rural,Good,Yes,177600.0
919,4201,4,4,2,1999,Urban,Good,No,1040800.0
1712,1786,2,2,1,1945,Urban,Fair,No,288200.0
1671,3001,2,3,3,1903,Rural,Excellent,Yes,375700.0
1621,3572,5,4,2,1965,Downtown,Poor,Yes,702400.0
763,3324,2,4,2,1925,Urban,Excellent,No,716500.0
990,2055,1,1,2,1903,Rural,Fair,No,193800.0
389,4413,3,4,1,1949,Suburban,Poor,Yes,554200.0
236,1454,5,3,2,1942,Downtown,Poor,Yes,301500.0
1507,4214,4,2,3,1984,Downtown,Good,Yes,1155400.0
268,3475,1,4,3,1999,Rural,Fair,Yes,481600.0
1188,1963,4,1,3,1959,Suburban,Fair,No,316700.0
118,3193,3,1,3,1942,Rural,Poor,No,259100.0
1607,2299,4,3,1,1974,Downtown,Good,No,597900.0
674,1418,3,4,2,1980,Rural,Good,Yes,261200.0
250,1743,1,3,3,1923,Suburban,Good,Yes,289900.0
1453,521,1,1,1,1970,Downtown,Poor,No,109800.0
1995,2174,1,1,2,1973,Downtown,Poor,No,411700.0
95,4340,1,1,3,1983,Urban,Poor,Yes,736600.0
34,1146,1,3,3,1954,Downtown,Excellent,No,286900.0
1464,4138,3,4,1,1960,Urban,Fair,No,702900.0
1668,1526,1,2,2,2018,Suburban,Excellent,Yes,426600.0
449,4991,1,2,3,1921,Downtown,Good,No,935700.0
717,4235,3,1,2,1960,Urban,Good,No,796300.0
1810,3165,3,3,3,1972,Downtown,Fair,No,743400.0
1518,874,4,1,3,1915,Suburban,Fair,Yes,177000.0
1,1360,5,4,3,1970,Downtown,Excellent,No,451600.0
1376,3724,5,4,1,1975,Downtown,Fair,Yes,879700.0
1102,4493,1,1,1,1993,Downtown,Poor,No,809400.0
1109,4845,4,2,1,1973,Rural,Excellent,No,667800.0
1227,3182,2,1,1,1977,Rural,Good,No,402400.0
83,4061,2,1,1,2015,Downtown,Excellent,Yes,1489600.0
1289,1636,4,4,3,1914,Urban,Fair,Yes,310600.0
677,3845,4,2,1,1992,Downtown,Fair,Yes,940300.0
1921,4719,4,2,2,1993,Urban,Good,Yes,1047900.0
1047,648,4,3,2,2005,Downtown,Poor,No,237100.0
771,4527,2,4,1,1930,Downtown,Fair,Yes,845600.0
1947,4778,5,1,2,1983,Urban,Fair,No,989500.0
1281,3829,4,3,3,1901,Rural,Good,No,423200.0
1581,3032,3,3,2,2002,Suburban,Poor,Yes,558400.0
1489,903,1,1,3,1986,Urban,Excellent,No,235800.0
405,917,4,1,3,1950,Suburban,Excellent,No,193200.0
1728,3597,4,2,3,2012,Downtown,Fair,Yes,1086900.0
1299,2882,1,2,1,1922,Suburban,Fair,Yes,388300.0
1341,3396,5,1,1,2009,Urban,Good,No,905700.0
105,1063,4,2,2,1911,Suburban,Excellent,Yes,228200.0
689,566,3,1,3,1932,Urban,Excellent,Yes,165200.0
1306,1417,3,1,3,1976,Downtown,Excellent,No,411400.0
827,2836,2,4,1,2000,Downtown,Fair,No,806600.0
63,1495,2,2,3,1999,Rural,Good,Yes,268900.0
853,845,4,1,3,1928,Suburban,Excellent,No,175000.0
1354,2355,2,4,2,1963,Rural,Fair,Yes,311000.0
224,4291,4,1,1,1946,Rural,Poor,No,327000.0
146,4196,2,2,2,1956,Downtown,Poor,No,711000.0
1089,4607,3,2,2,1981,Downtown,Good,No,1147400.0
374,1848,4,1,3,1977,Downtown,Poor,Yes,433400.0
1421,2741,5,1,1,2022,Urban,Excellent,No,910300.0
1143,810,4,3,1,1970,Urban,Fair,No,207800.0
1827,648,5,3,1,1914,Rural,Good,Yes,135300.0
1495,1773,5,3,1,2022,Urban,Poor,Yes,517800.0
1602,4970,4,4,3,1907,Urban,Excellent,Yes,1038100.0
1271,1056,5,3,2,1997,Suburban,Excellent,Yes,364100.0
10,2185,3,3,1,2000,Downtown,Poor,No,534200.0
450,3438,4,2,1,1999,Urban,Fair,No,753100.0
709,3209,4,3,1,1973,Urban,Good,No,635500.0
256,1560,2,2,3,1948,Suburban,Poor,No,200500.0
883,2145,1,3,3,1947,Suburban,Excellent,Yes,372600.0
390,1566,5,3,1,1988,Suburban,Good,No,360500.0
909,4072,1,3,3,2012,Rural,Fair,No,607800.0
925,3712,1,3,2,1922,Urban,Poor,No,513200.0
1704,2181,3,1,2,1996,Suburban,Excellent,No,541700.0
1233,2060,3,1,3,2017,Urban,Poor,No,469400.0
461,4830,5,1,2,1994,Urban,Fair,Yes,1159000.0
1270,2969,1,3,2,2004,Suburban,Excellent,No,748400.0
1760,4858,4,2,1,2018,Rural,Poor,Yes,694300.0
1169,2550,3,2,2,1953,Downtown,Poor,No,444600.0
959,2990,5,2,1,1943,Downtown,Poor,Yes,512800.0
502,2458,3,2,2,2022,Urban,Fair,No,703500.0
740,724,3,2,2,1926,Urban,Fair,No,156600.0
1850,4937,1,1,3,1970,Urban,Fair,Yes,917500.0
869,626,2,2,1,1966,Downtown,Excellent,No,196200.0
732,3428,3,3,2,1942,Downtown,Good,No,660000.0
540,4685,5,4,2,2014,Downtown,Poor,Yes,1167200.0
1202,4345,4,1,2,1964,Urban,Poor,No,655300.0
698,3160,1,2,3,1916,Rural,Poor,No,245700.0
1393,2513,5,2,2,2007,Rural,Excellent,Yes,559100.0
1377,2753,4,2,2,2018,Rural,Good,Yes,505400.0
1146,1045,3,1,2,1953,Rural,Fair,Yes,150100.0
1032,954,5,4,2,2021,Downtown,Poor,No,325800.0
373,1515,5,4,3,1969,Urban,Fair,Yes,399100.0
668,1025,2,4,2,1924,Urban,Good,Yes,242700.0
1526,513,4,3,3,1948,Rural,Fair,Yes,132900.0
358,2641,4,4,2,1949,Urban,Excellent,No,552200.0
968,3038,2,4,2,1984,Urban,Good,Yes,773300.0
784,4350,5,3,1,1923,Downtown,Good,Yes,907100.0
736,3262,2,1,3,1931,Suburban,Poor,No,374500.0
1036,3469,1,4,2,2023,Suburban,Poor,No,691800.0
971,4777,4,4,2,1985,Urban,Excellent,No,1237800.0
1525,2146,3,2,2,1938,Downtown,Excellent,Yes,504200.0
1487,1456,5,4,3,1999,Downtown,Fair,No,446000.0
1524,4976,5,3,2,1942,Downtown,Excellent,No,1073500.0
1491,1887,1,1,1,1909,Rural,Excellent,Yes,224300.0
1643,1350,4,4,1,1996,Urban,Good,No,393500.0
1253,2091,1,3,1,1996,Rural,Poor,Yes,254100.0
1694,4354,5,2,1,1915,Downtown,Excellent,Yes,935500.0
1750,2966,1,3,1,1997,Urban,Fair,Yes,700600.0
1237,1474,1,3,2,2019,Downtown,Excellent,No,592000.0
886,3372,1,3,1,1959,Rural,Excellent,No,457800.0
80,1995,4,4,2,1948,Rural,Fair,Yes,236000.0
1173,2533,3,3,1,1939,Suburban,Poor,No,308200.0
815,3126,4,3,1,1930,Urban,Good,No,575600.0
1286,2485,1,2,1,1927,Urban,Fair,No,360900.0
672,864,2,4,3,1956,Rural,Good,Yes,150200.0
1532,3438,5,1,3,2009,Suburban,Fair,No,672200.0
58,4343,3,3,2,1940,Downtown,Excellent,No,953500.0
134,1163,1,3,1,1977,Suburban,Excellent,No,262900.0
1141,1631,4,2,2,1934,Suburban,Good,No,267300.0
934,2832,2,4,3,1929,Suburban,Good,No,392400.0
1685,1504,5,4,3,1932,Urban,Poor,No,254900.0
824,1620,1,3,3,1914,Suburban,Poor,Yes,217200.0
1215,502,2,1,1,1909,Urban,Poor,Yes,100400.0
505,4785,5,3,1,1943,Rural,Excellent,No,554200.0
1775,2414,5,4,2,1978,Urban,Fair,Yes,542300.0
348,2794,4,1,1,1932,Suburban,Fair,No,357200.0
387,3238,2,2,3,1970,Rural,Poor,No,332300.0
1025,2122,5,1,2,1927,Urban,Fair,Yes,403700.0
895,4712,3,3,2,1991,Urban,Excellent,No,1308200.0
829,3145,2,1,3,1978,Rural,Fair,Yes,391000.0
1893,3219,5,3,1,1979,Rural,Fair,No,422200.0
476,2356,3,2,2,1937,Rural,Fair,No,241700.0
1471,2835,3,1,2,1943,Downtown,Poor,Yes,480800.0
1448,958,2,4,3,2022,Urban,Poor,Yes,315400.0
1582,4328,3,2,2,1914,Downtown,Excellent,No,999000.0
653,2253,2,4,1,1989,Urban,Poor,No,433400.0
173,3897,1,3,1,1977,Suburban,Good,No,683700.0
1150,3712,3,1,3,1966,Suburban,Good,No,601700.0
39,2561,2,3,1,1964,Rural,Good,No,300800.0
714,3921,4,3,3,1990,Rural,Good,No,596400.0
91,3231,3,3,2,2002,Downtown,Good,No,957800.0
1937,2509,1,4,1,1970,Rural,Excellent,Yes,383300.0
1206,3236,1,2,3,1945,Urban,Good,No,546500.0
876,3867,3,1,3,1938,Urban,Fair,Yes,659800.0
1352,3733,5,2,3,2005,Urban,Fair,Yes,860300.0
1890,3536,5,3,2,1953,Urban,Poor,Yes,549200.0
1094,4562,2,3,1,1953,Urban,Poor,No,634200.0
1156,744,2,4,1,1997,Urban,Good,Yes,266300.0
1782,2975,3,1,1,1969,Rural,Excellent,No,411600.0
1959,516,2,3,1,1975,Urban,Fair,No,147400.0
500,1394,1,1,2,1926,Urban,Good,No,228400.0
339,1581,3,4,3,2006,Rural,Excellent,No,352800.0
1189,3915,3,3,3,2012,Urban,Fair,Yes,1009000.0
29,1767,3,3,3,2011,Downtown,Poor,Yes,489800.0
1218,1392,5,3,1,1948,Downtown,Excellent,No,369000.0
1400,2543,5,2,3,1953,Urban,Good,Yes,501700.0
1821,4943,2,3,2,1930,Downtown,Poor,Yes,761200.0
946,3835,2,4,3,2019,Urban,Good,Yes,1045100.0
170,3772,1,3,1,1976,Urban,Poor,Yes,615000.0
1405,4262,4,3,1,1915,Downtown,Fair,No,804400.0
1198,2765,2,4,2,2019,Suburban,Good,Yes,709500.0
1254,3611,3,2,1,1957,Rural,Poor,No,331500.0
1614,4549,3,1,1,2002,Suburban,Good,Yes,949900.0
913,2703,1,2,2,1997,Suburban,Good,Yes,575700.0
492,4102,3,3,1,1917,Rural,Excellent,Yes,523600.0
954,3962,5,1,3,1985,Rural,Excellent,Yes,690700.0
1098,2921,2,2,3,1939,Urban,Good,No,464300.0
1033,3453,3,2,2,1919,Urban,Good,Yes,617900.0
588,749,1,3,3,1975,Rural,Good,Yes,149200.0
751,2539,5,4,1,1969,Downtown,Good,No,623200.0
658,3378,1,3,3,1998,Rural,Excellent,No,565500.0
235,3235,1,1,2,1955,Urban,Poor,Yes,504200.0
733,3051,5,4,3,1999,Suburban,Poor,Yes,600200.0
1989,2168,2,4,1,2010,Rural,Fair,No,342000.0
1633,3730,4,2,2,1972,Rural,Fair,Yes,454600.0
1157,771,2,3,1,1945,Rural,Fair,No,101500.0
1470,2856,1,4,1,2012,Downtown,Excellent,No,1005800.0
1425,4738,2,3,1,1908,Rural,Poor,No,362100.0
1628,1203,1,3,3,1936,Urban,Poor,No,197100.0
935,3876,5,3,3,1980,Suburban,Excellent,No,858800.0
1210,2414,5,2,2,2012,Rural,Fair,No,442800.0
1066,2620,2,2,1,1978,Suburban,Poor,No,362500.0
109,3742,4,3,1,2018,Urban,Fair,No,964100.0
1543,3966,5,4,1,1906,Urban,Excellent,No,840000.0
569,2133,5,4,2,2020,Downtown,Good,No,707100.0
1168,4260,2,2,1,1907,Rural,Fair,Yes,414400.0
1175,4888,4,4,3,1995,Rural,Excellent,Yes,823100.0
891,4002,5,1,2,1922,Rural,Poor,Yes,369500.0
948,1981,5,1,1,2001,Suburban,Good,No,444800.0
1049,2558,2,2,2,1957,Downtown,Excellent,No,664100.0
1353,2480,4,2,1,2012,Downtown,Poor,No,640600.0
1778,1207,5,2,2,1950,Downtown,Poor,Yes,259600.0
1447,2554,1,3,2,1930,Suburban,Poor,Yes,304300.0
885,3530,1,2,2,1920,Suburban,Fair,No,464100.0
1673,1677,5,4,2,1905,Rural,Good,Yes,244700.0
851,3705,1,1,1,2022,Suburban,Fair,No,733900.0
735,1346,4,2,3,1916,Urban,Excellent,Yes,330300.0
718,3370,2,1,1,1993,Rural,Fair,Yes,452600.0
455,1562,2,4,1,1928,Rural,Fair,Yes,188900.0
265,690,3,2,1,1989,Suburban,Poor,No,150300.0
76,564,1,3,3,2014,Suburban,Poor,No,158100.0
1658,1940,1,2,3,2009,Urban,Fair,No,501500.0
445,3282,2,3,3,1979,Downtown,Fair,No,725800.0
396,3046,4,3,3,1954,Urban,Poor,Yes,476300.0
177,3311,3,4,2,1936,Suburban,Good,Yes,512900.0
1043,4276,5,2,3,1960,Rural,Excellent,No,603400.0
1736,4645,5,2,2,1943,Downtown,Good,No,862900.0
1402,3996,3,4,3,1961,Downtown,Fair,Yes,863800.0
1381,2263,4,4,2,1938,Urban,Poor,No,356000.0
596,735,1,1,1,1946,Downtown,Excellent,Yes,181800.0
62,2481,5,3,2,1920,Suburban,Poor,Yes,336900.0
1297,1935,3,4,1,2000,Suburban,Excellent,Yes,542800.0
873,3949,3,2,1,1955,Urban,Good,No,677400.0
1490,3279,1,4,1,1931,Suburban,Good,Yes,510200.0
1879,3029,1,3,2,1968,Rural,Fair,No,319900.0
279,4514,5,1,1,2023,Urban,Fair,No,1156000.0
37,1100,2,1,3,1957,Rural,Good,No,150200.0
1976,578,5,3,1,1982,Suburban,Excellent,Yes,215400.0
663,1776,1,4,3,2016,Rural,Fair,No,310900.0
1954,3993,3,2,1,1967,Rural,Good,No,469600.0
1445,750,4,4,3,2003,Rural,Poor,Yes,214200.0
978,4742,5,4,2,2022,Suburban,Excellent,No,1165100.0
1572,4453,3,1,3,1933,Downtown,Good,No,823200.0
739,1223,3,3,1,1987,Urban,Poor,No,283800.0
192,3869,5,4,3,1929,Downtown,Good,No,825700.0
920,841,1,1,2,1911,Urban,Poor,Yes,140000.0
457,3482,5,4,1,2011,Suburban,Poor,Yes,681500.0
676,2031,1,4,2,1913,Urban,Excellent,No,395500.0
761,2876,3,1,3,1978,Rural,Good,No,383100.0
1808,4906,2,3,2,1955,Suburban,Fair,No,694500.0
1603,2533,3,4,1,1976,Rural,Good,No,352900.0
729,503,1,4,3,2012,Suburban,Poor,No,149700.0
413,912,4,4,2,1958,Suburban,Good,Yes,211600.0
1099,1209,5,1,2,2007,Downtown,Fair,Yes,430200.0
826,1450,4,3,3,1942,Downtown,Fair,Yes,344700.0
1640,4614,3,4,1,1909,Downtown,Poor,Yes,698500.0
617,2680,5,1,2,1976,Suburban,Fair,No,475300.0
115,3229,4,2,1,2005,Downtown,Good,No,957900.0
418,3965,3,4,3,2012,Rural,Excellent,No,750100.0
1911,899,3,3,2,1942,Rural,Good,Yes,162000.0
970,664,4,3,2,1910,Downtown,Good,No,174500.0
605,2622,2,1,1,2003,Rural,Good,No,401000.0
1919,1319,5,4,2,1946,Downtown,Good,No,320200.0
90,1304,4,3,3,1957,Suburban,Good,No,266600.0
849,3419,1,2,1,2019,Rural,Fair,No,486800.0
1520,4505,1,4,1,2011,Rural,Poor,Yes,620100.0
1918,3792,2,1,1,1975,Urban,Good,Yes,776000.0
754,2173,3,3,3,1954,Suburban,Fair,Yes,371200.0
499,955,4,3,3,1920,Downtown,Poor,No,196400.0
1277,2074,2,2,2,1988,Downtown,Good,No,620300.0
1326,1953,5,1,1,1937,Suburban,Poor,No,231500.0
12,2891,4,4,3,1978,Urban,Excellent,Yes,758000.0
397,1253,2,3,3,2022,Rural,Fair,No,235000.0
285,1909,5,4,2,1972,Suburban,Good,Yes,456300.0
1067,2843,1,1,3,1979,Rural,Excellent,No,392100.0
1192,1384,1,4,1,1920,Downtown,Good,No,277900.0
1745,1749,4,1,1,1983,Urban,Poor,No,324100.0
691,2656,1,3,2,2003,Rural,Fair,No,375800.0
1753,1149,4,3,2,2006,Rural,Excellent,Yes,289300.0
1876,3030,3,2,3,1923,Urban,Good,No,560600.0
690,732,3,1,2,2002,Urban,Fair,Yes,238000.0
852,1314,2,3,3,1907,Suburban,Good,No,217700.0
160,4718,4,3,3,1944,Downtown,Excellent,No,1085800.0
896,1074,3,1,1,1977,Downtown,Excellent,Yes,354700.0
1576,1543,3,3,3,1992,Rural,Good,Yes,298100.0
258,3920,4,3,3,1975,Downtown,Good,No,955100.0
336,2431,3,3,2,2006,Urban,Excellent,No,732100.0
1880,3464,2,1,3,1974,Suburban,Poor,No,463300.0
1040,4725,4,1,2,1986,Suburban,Good,Yes,953900.0
516,4675,3,4,1,2002,Suburban,Good,Yes,1039400.0
1349,4463,2,1,2,1907,Urban,Fair,No,635900.0
1016,3157,5,3,2,2001,Suburban,Excellent,No,801000.0
769,1618,2,3,2,1945,Urban,Poor,Yes,251000.0
1747,1161,3,2,1,1974,Downtown,Good,Yes,347200.0
762,3332,3,1,1,2008,Rural,Fair,No,478700.0
1247,3611,4,2,3,1979,Urban,Fair,No,740500.0
1204,553,1,4,2,1956,Urban,Fair,Yes,151900.0
1468,4304,5,2,1,1983,Downtown,Good,Yes,1155900.0
1984,3956,4,4,1,1971,Urban,Poor,Yes,705000.0
522,4012,2,1,3,1986,Downtown,Poor,Yes,848300.0
23,1475,3,1,1,1927,Downtown,Poor,No,245500.0
357,3618,4,1,2,1945,Downtown,Fair,No,655300.0
1278,4498,3,2,3,1923,Downtown,Fair,No,819400.0
1313,784,5,3,3,2021,Rural,Poor,Yes,252500.0
1683,3045,4,4,3,1938,Rural,Excellent,Yes,394300.0
341,3349,3,3,1,2013,Suburban,Excellent,No,830300.0
432,3414,2,2,1,1968,Rural,Fair,Yes,363200.0
474,4219,3,3,2,1986,Suburban,Good,Yes,879300.0
218,2700,4,1,3,2017,Downtown,Fair,No,798400.0
912,3213,4,4,1,1994,Downtown,Excellent,No,1044400.0
1228,1487,3,4,3,2002,Urban,Poor,No,360700.0
1597,4423,2,4,3,1943,Downtown,Excellent,Yes,1025000.0
1012,2551,4,1,1,1991,Rural,Good,Yes,407300.0
1950,4335,4,2,2,1999,Downtown,Good,No,1232000.0
94,3190,3,2,3,1950,Downtown,Excellent,No,735200.0
1009,3930,3,2,2,1938,Suburban,Fair,No,539500.0
1071,2139,4,3,2,1962,Suburban,Good,No,390000.0
1093,838,1,1,2,1975,Downtown,Fair,Yes,225900.0
1915,1882,1,4,3,1958,Urban,Good,Yes,368000.0
1309,521,3,3,2,2008,Urban,Good,Yes,238800.0
697,2972,1,2,1,1953,Suburban,Excellent,Yes,519100.0
1828,4537,1,4,1,2008,Suburban,Poor,Yes,826100.0
997,3179,1,4,2,1929,Urban,Poor,Yes,478800.0
154,2207,4,3,2,2014,Downtown,Poor,Yes,620700.0
1100,4226,5,4,2,1992,Suburban,Fair,No,821500.0
1719,4457,2,1,1,1976,Downtown,Excellent,Yes,1254800.0
1998,1062,5,1,2,1903,Rural,Poor,No,128100.0
790,3121,5,1,1,1958,Urban,Excellent,Yes,645900.0
581,2548,4,3,2,1918,Urban,Good,No,472300.0
704,1376,3,2,1,2000,Urban,Fair,Yes,348300.0
1213,1349,5,4,2,1910,Suburban,Excellent,Yes,287400.0
1296,4402,2,3,3,1911,Urban,Poor,Yes,600600.0
1666,3489,4,2,1,1924,Suburban,Fair,No,468700.0
1261,3739,4,3,2,2022,Downtown,Poor,No,995800.0
488,3423,3,2,3,1952,Downtown,Fair,No,628900.0
560,1515,4,1,1,1984,Downtown,Fair,Yes,404800.0
1142,4021,5,2,3,2013,Urban,Good,No,1160600.0
1120,2919,4,4,2,2007,Suburban,Poor,Yes,600900.0
802,1492,2,4,2,1971,Downtown,Poor,No,313200.0
513,2605,5,4,2,2015,Downtown,Excellent,No,976000.0
634,4955,4,3,3,1959,Urban,Poor,No,733900.0
1922,3802,1,4,1,1931,Urban,Fair,No,602800.0
1788,566,4,1,1,1945,Urban,Fair,Yes,135500.0
1546,1129,5,1,2,1992,Suburban,Good,No,290300.0
1151,4310,4,3,1,2023,Suburban,Fair,Yes,929900.0
791,4727,5,4,1,1931,Suburban,Poor,No,565500.0
117,3560,3,2,3,1973,Downtown,Fair,No,794000.0
741,4708,3,1,2,1919,Urban,Good,No,727000.0
1691,3688,2,3,1,1945,Urban,Good,No,638400.0
1082,2136,4,1,1,1909,Suburban,Fair,No,295300.0
831,2365,5,4,3,2013,Urban,Good,No,675400.0
120,1863,2,4,1,1968,Downtown,Fair,No,438500.0
657,4702,4,4,2,1915,Downtown,Excellent,No,1057600.0
1908,4785,3,3,3,1941,Downtown,Good,No,900000.0
636,2219,1,3,1,1995,Urban,Poor,No,397400.0
370,2989,5,3,3,1961,Rural,Excellent,No,425200.0
269,1684,3,2,3,2003,Downtown,Good,No,524800.0
656,2786,4,2,1,1954,Suburban,Fair,No,411300.0
936,2000,5,1,2,1931,Suburban,Excellent,No,349800.0
823,3097,5,1,2,1911,Rural,Fair,No,346300.0
867,3435,1,4,1,2007,Suburban,Excellent,Yes,866600.0
47,1275,3,1,2,2000,Downtown,Good,No,390900.0
1374,3446,3,4,2,1943,Suburban,Poor,Yes,399500.0
1709,3916,3,4,1,1973,Rural,Fair,Yes,487100.0
992,1779,5,1,2,1999,Downtown,Excellent,Yes,589900.0
877,3868,4,2,1,1924,Suburban,Fair,Yes,518600.0
774,4929,2,4,3,1994,Rural,Fair,Yes,706000.0
1220,3660,5,4,2,1910,Suburban,Fair,Yes,578500.0
2000,2989,5,1,3,1903,Suburban,Fair,No,408000.0
5,4926,1,4,2,1975,Downtown,Fair,Yes,1088800.0
1004,3073,1,3,3,1936,Urban,Excellent,Yes,592600.0
1724,3438,5,3,1,1966,Urban,Excellent,No,819400.0
264,1639,5,4,2,1997,Suburban,Good,Yes,423600.0
1570,1456,4,4,2,1996,Urban,Fair,No,387300.0
1831,3331,5,4,1,1909,Suburban,Poor,Yes,440700.0
444,1217,5,4,2,1944,Downtown,Poor,Yes,266400.0
1003,3780,3,4,3,1956,Suburban,Good,No,612800.0
1078,1958,2,4,2,2010,Rural,Excellent,Yes,410200.0
838,3391,3,1,2,2015,Rural,Poor,Yes,447800.0
1791,4653,5,2,2,1975,Downtown,Good,No,1061300.0
305,2482,3,4,2,1941,Downtown,Good,Yes,533800.0
1366,1090,4,4,2,1937,Rural,Poor,No,146500.0
1558,3234,2,1,3,1967,Urban,Excellent,Yes,718700.0
314,4354,5,3,2,1996,Suburban,Fair,Yes,890600.0
150,2660,3,4,2,1979,Downtown,Excellent,Yes,818200.0
1149,2304,5,3,1,1924,Downtown,Fair,No,482600.0
1214,2609,2,4,1,1911,Suburban,Fair,Yes,388300.0
575,3256,1,4,2,1966,Urban,Good,No,673000.0
51,2455,1,3,3,1967,Downtown,Poor,No,465100.0
1553,2860,2,2,3,1910,Downtown,Fair,No,504100.0
727,967,4,4,1,1911,Urban,Fair,No,204200.0
834,3728,5,1,3,2007,Urban,Poor,No,757500.0
1378,3844,2,2,3,1916,Urban,Fair,No,620300.0
1116,2021,4,1,1,1959,Downtown,Excellent,Yes,542700.0
1167,3124,4,2,3,1937,Rural,Fair,Yes,356100.0
471,2040,3,1,1,2014,Suburban,Good,No,470200.0
972,1322,2,4,2,2005,Suburban,Good,Yes,349800.0
654,2796,5,2,2,1968,Rural,Good,No,364800.0
400,3396,3,1,3,1951,Downtown,Fair,No,671600.0
512,633,3,1,1,2021,Urban,Good,Yes,242400.0
321,1491,4,3,2,1911,Urban,Fair,Yes,293200.0
20,3058,5,2,2,2016,Downtown,Excellent,No,1055300.0
685,625,2,3,3,1981,Downtown,Good,Yes,220800.0
36,2935,4,4,2,1979,Urban,Poor,No,520100.0
903,917,3,2,2,1920,Suburban,Excellent,Yes,199000.0
1779,2304,2,3,3,1987,Suburban,Poor,No,374800.0
828,2743,1,1,1,1936,Downtown,Excellent,No,579800.0
1854,4637,5,3,3,1904,Downtown,Fair,Yes,902200.0
408,4474,4,1,3,1934,Suburban,Poor,No,506200.0
921,2224,1,1,3,2008,Rural,Poor,No,292000.0
538,4968,4,3,3,1945,Downtown,Excellent,No,1093400.0
759,820,2,3,3,1997,Downtown,Poor,Yes,249500.0
1905,4476,3,2,1,1957,Rural,Fair,Yes,470000.0
1063,981,5,4,2,1918,Urban,Poor,No,207800.0
1200,3300,2,4,3,2020,Suburban,Fair,Yes,796900.0
246,3567,1,4,1,1912,Rural,Excellent,No,406800.0
1417,4544,3,2,3,1975,Downtown,Good,No,1108500.0
1128,3723,3,1,1,2015,Suburban,Excellent,No,905300.0
785,1372,3,4,2,2008,Downtown,Excellent,No,540700.0
1743,982,3,4,1,1956,Urban,Fair,No,214200.0
490,4686,3,1,2,2017,Suburban,Fair,Yes,1015600.0
155,3277,2,4,3,2013,Urban,Good,No,907300.0
962,3800,5,2,3,2006,Urban,Poor,No,843800.0
854,2849,1,1,3,1910,Rural,Fair,Yes,293400.0
1312,1186,2,2,2,2011,Downtown,Good,Yes,432100.0
626,4318,5,1,2,1946,Downtown,Poor,No,659800.0
686,4096,1,4,1,1922,Downtown,Fair,Yes,762100.0
1562,2155,5,4,2,1912,Rural,Excellent,No,295800.0
570,2652,3,1,3,1931,Suburban,Good,Yes,403100.0
1909,4065,2,3,3,1927,Downtown,Excellent,No,859700.0
18,974,2,2,1,1919,Downtown,Poor,Yes,188800.0
128,4529,5,2,3,1917,Downtown,Good,Yes,900100.0
1347,4679,3,3,3,1926,Downtown,Poor,Yes,665600.0
1280,2903,2,4,1,1916,Urban,Good,No,500400.0
1969,2779,3,3,2,1979,Urban,Poor,No,497900.0
928,2982,3,3,2,1995,Suburban,Fair,Yes,609300.0
981,1414,4,2,3,1981,Downtown,Excellent,Yes,495500.0
1965,1620,2,2,3,1982,Suburban,Poor,Yes,295300.0
191,4561,1,2,1,1966,Suburban,Poor,Yes,577100.0
1140,992,5,2,2,1986,Rural,Poor,No,185100.0
993,4077,2,2,1,1904,Urban,Fair,No,613400.0
1956,2944,1,3,3,2004,Suburban,Excellent,No,754000.0
1657,3375,3,3,3,1954,Urban,Poor,No,506100.0
607,1829,5,3,3,1932,Urban,Fair,No,329100.0
181,3719,2,4,2,2007,Suburban,Poor,No,666300.0
302,1471,2,1,3,1961,Suburban,Poor,No,203300.0
497,4209,1,4,2,2020,Downtown,Poor,Yes,1020600.0
1721,2345,3,2,2,2020,Suburban,Fair,No,540500.0
1710,4945,3,1,3,1981,Suburban,Fair,No,791000.0
1888,1345,1,2,2,1976,Urban,Excellent,No,343600.0
1992,4397,4,1,2,1981,Rural,Poor,Yes,501600.0
518,3784,4,2,2,1965,Suburban,Excellent,No,693200.0
1985,4006,2,3,3,1960,Downtown,Poor,No,720200.0
1070,1438,1,4,1,1973,Downtown,Good,No,377000.0
477,1865,2,4,2,1930,Downtown,Good,Yes,420700.0
158,702,3,2,1,1963,Downtown,Poor,Yes,182200.0
1244,3520,2,1,3,1986,Downtown,Excellent,No,990100.0
1196,4821,1,1,1,1909,Downtown,Excellent,Yes,1062000.0
17,3404,2,1,1,1903,Urban,Fair,Yes,508900.0
1536,2613,1,2,3,1935,Downtown,Good,No,483000.0
1073,4726,5,1,1,2014,Rural,Fair,Yes,729500.0
1972,3349,1,3,3,1900,Urban,Excellent,Yes,580600.0
547,3008,1,4,2,1901,Suburban,Fair,Yes,428200.0
1540,4523,2,4,2,1923,Suburban,Fair,No,526100.0
659,4643,1,2,1,1989,Urban,Poor,No,810100.0
1626,3791,4,2,1,2012,Suburban,Poor,No,706700.0
1020,2675,3,1,2,2007,Suburban,Excellent,No,675300.0
1663,3515,5,2,1,1952,Rural,Poor,No,298200.0
1505,4781,4,1,1,1953,Rural,Excellent,No,573100.0
960,827,5,2,1,1975,Rural,Poor,No,149700.0
1882,1036,2,1,1,1959,Urban,Good,Yes,241100.0
284,3037,1,4,3,2010,Rural,Poor,No,385100.0
798,1818,3,1,1,1908,Rural,Poor,No,168500.0
1627,4533,1,3,2,1956,Rural,Excellent,No,544100.0
226,4567,4,4,1,1995,Downtown,Fair,Yes,1244900.0
27,3505,4,2,3,1955,Urban,Good,Yes,646300.0
1771,1690,5,2,1,1921,Rural,Poor,No,180400.0
438,1198,4,2,2,1981,Rural,Fair,Yes,208500.0
1949,1045,2,1,2,1982,Downtown,Excellent,No,338900.0
1389,3268,5,1,1,1978,Urban,Excellent,Yes,831300.0
230,4487,4,3,2,1968,Suburban,Good,Yes,814000.0
38,2863,1,2,3,1982,Urban,Excellent,Yes,674900.0
750,1401,1,1,1,1983,Suburban,Good,Yes,266900.0
1046,4624,3,3,3,1933,Rural,Excellent,Yes,578500.0
1399,1228,5,1,1,2019,Downtown,Poor,No,383600.0
470,1717,2,2,3,1963,Rural,Fair,Yes,224400.0
1693,4646,1,1,2,2009,Suburban,Fair,Yes,936700.0
1968,4595,4,3,1,1906,Downtown,Excellent,Yes,1031300.0
688,2103,4,2,2,2009,Downtown,Excellent,Yes,768800.0
1844,3767,1,2,1,1901,Downtown,Fair,No,658700.0
640,3766,2,2,1,2012,Suburban,Excellent,Yes,899900.0
1713,3679,4,2,1,2012,Downtown,Good,No,1033600.0
1219,2530,4,3,3,1988,Urban,Excellent,No,681900.0
1159,2271,5,3,2,1910,Rural,Poor,No,242700.0
1416,3348,3,4,1,2020,Urban,Excellent,Yes,1129100.0
1528,3655,1,1,2,1911,Rural,Excellent,Yes,445700.0
1656,4486,1,3,1,1916,Downtown,Poor,Yes,678100.0
1301,2584,1,3,1,1995,Urban,Good,Yes,623500.0
1823,4443,5,3,3,1966,Suburban,Poor,Yes,629400.0
801,2690,2,1,2,1963,Urban,Fair,Yes,512100.0
1604,1864,4,1,1,2000,Rural,Poor,Yes,268500.0
161,4996,1,1,1,2005,Downtown,Fair,No,1226400.0
957,4908,1,4,1,1964,Suburban,Poor,Yes,645200.0
1187,1306,4,3,1,1932,Rural,Poor,No,144900.0
822,2704,3,2,3,1918,Rural,Fair,Yes,309700.0
1682,2890,3,1,3,1954,Urban,Fair,No,490100.0
878,4297,5,1,2,1920,Urban,Poor,Yes,603300.0
914,3620,5,2,2,1905,Suburban,Excellent,No,645500.0
153,3974,5,1,3,1902,Urban,Fair,Yes,631400.0
1871,4759,3,2,3,1919,Rural,Good,No,469000.0
1777,3546,1,2,3,1971,Downtown,Good,Yes,829000.0
510,1323,4,3,1,2022,Rural,Excellent,Yes,334000.0
1136,4087,4,4,3,1941,Downtown,Fair,No,790400.0
1251,2662,5,2,1,1974,Rural,Poor,Yes,330500.0
1684,2911,3,1,1,1983,Downtown,Good,Yes,778200.0
104,3290,4,2,3,1903,Rural,Good,Yes,366800.0
1446,2930,1,1,3,1932,Downtown,Excellent,Yes,639000.0
1444,4706,3,4,3,2017,Downtown,Fair,Yes,1314400.0
587,2074,1,3,1,1934,Rural,Fair,No,201100.0
1769,1625,1,1,3,1905,Downtown,Excellent,No,368900.0
1144,1238,3,3,3,1978,Downtown,Fair,No,338900.0
54,3573,5,3,1,1952,Suburban,Fair,No,532900.0
152,1354,3,4,2,1913,Suburban,Excellent,No,267400.0
404,3569,1,1,2,1997,Downtown,Excellent,Yes,1121400.0
1943,964,5,2,1,2009,Suburban,Poor,No,243100.0
208,2196,5,4,1,1950,Rural,Good,Yes,307600.0
1895,4638,4,4,3,2009,Urban,Poor,No,975700.0
1123,4997,2,2,2,1918,Urban,Excellent,No,960600.0
1891,2994,2,2,1,1925,Urban,Excellent,Yes,599100.0
9,630,2,2,1,1932,Rural,Poor,Yes,90600.0
1015,3680,3,2,1,2013,Rural,Good,Yes,660700.0
1907,1679,4,4,1,1938,Rural,Fair,Yes,207000.0
1061,4420,5,4,2,2007,Downtown,Good,Yes,1415600.0
453,1667,3,2,1,1957,Suburban,Poor,Yes,237400.0
254,3944,4,4,3,1959,Urban,Excellent,No,905200.0
1328,1015,4,3,1,1966,Downtown,Fair,No,264600.0
897,1036,2,4,2,1971,Rural,Good,No,176800.0
1734,3725,1,2,3,1911,Downtown,Fair,Yes,665600.0
881,3976,4,1,2,1914,Downtown,Excellent,Yes,988700.0
1596,1418,3,3,3,1920,Urban,Excellent,Yes,315200.0
1889,4103,1,1,1,1923,Rural,Fair,Yes,368700.0
624,3093,3,4,2,1987,Downtown,Fair,No,820400.0
346,1970,4,3,3,1976,Urban,Fair,Yes,461600.0
1703,605,2,2,3,1918,Rural,Good,Yes,115800.0
263,1199,2,3,1,2002,Downtown,Good,No,333400.0
1635,1847,5,3,3,1996,Rural,Excellent,No,377600.0
1322,3494,2,4,1,1998,Urban,Good,Yes,900500.0
1439,1215,5,2,3,1938,Downtown,Poor,Yes,262600.0
151,4597,1,3,3,1974,Suburban,Fair,Yes,755900.0
473,2886,3,4,2,1923,Rural,Excellent,Yes,355700.0
641,1166,5,1,1,1962,Rural,Fair,Yes,184600.0
1983,4682,3,3,3,1961,Urban,Excellent,No,988200.0
1883,4723,4,4,1,1994,Downtown,Fair,No,1142200.0
551,2081,4,4,2,1998,Downtown,Good,No,653200.0
1780,4213,1,4,1,1947,Suburban,Good,Yes,597000.0
929,1451,3,3,3,1906,Urban,Poor,No,250600.0
489,2714,3,4,1,1966,Urban,Good,Yes,623600.0
1812,1132,4,2,2,1954,Rural,Excellent,Yes,202800.0
1172,875,1,3,2,1991,Downtown,Good,No,274100.0
147,3499,3,2,3,1948,Downtown,Fair,No,617300.0
1705,4597,5,4,2,1965,Downtown,Excellent,No,1229100.0
1929,2264,1,1,1,1955,Downtown,Excellent,Yes,568600.0
403,2125,5,4,3,1912,Rural,Excellent,No,306600.0
955,3579,1,3,1,2017,Downtown,Excellent,No,1240900.0
1878,1548,5,3,2,1935,Rural,Fair,Yes,214600.0
660,4144,4,4,1,1981,Urban,Excellent,Yes,1060400.0
1373,4973,1,1,1,1930,Rural,Poor,No,350900.0
464,3824,4,2,2,1942,Downtown,Good,Yes,783500.0
1350,1433,3,2,1,1922,Suburban,Excellent,Yes,268900.0
187,2459,2,2,3,1908,Downtown,Poor,No,400600.0
1148,4846,1,2,2,2013,Suburban,Fair,Yes,917400.0
1225,1790,3,1,3,1952,Downtown,Poor,Yes,327700.0
609,2982,2,4,2,1987,Downtown,Fair,Yes,707300.0
144,3957,4,1,3,1981,Suburban,Good,Yes,767900.0
752,509,2,2,2,2002,Urban,Poor,Yes,158900.0
1535,527,2,2,3,1948,Downtown,Poor,No,117000.0
982,1808,2,3,2,1991,Downtown,Good,No,529300.0
198,4223,3,4,2,1956,Suburban,Fair,Yes,634800.0
1634,988,1,4,1,1924,Rural,Good,No,134400.0
884,1705,1,2,1,1985,Rural,Fair,Yes,250700.0
280,3401,4,2,1,1929,Downtown,Good,Yes,683200.0
294,1024,2,2,2,1971,Urban,Excellent,Yes,295500.0
1824,863,2,4,2,1955,Rural,Fair,Yes,145600.0
401,4685,5,4,3,1901,Downtown,Fair,No,815000.0
123,2029,4,2,1,1908,Urban,Good,No,392700.0
1208,2413,3,4,1,1909,Urban,Excellent,No,477100.0
203,2182,5,1,2,1961,Suburban,Good,Yes,422600.0
1463,2669,5,2,2,1988,Rural,Fair,Yes,406200.0
836,3728,5,3,2,1983,Suburban,Poor,Yes,616300.0
247,1315,5,4,1,1902,Urban,Fair,No,258200.0
1440,4411,5,1,1,1936,Urban,Poor,No,609500.0
1754,1468,3,3,1,2023,Downtown,Excellent,No,543000.0
1902,2450,3,4,2,1928,Urban,Poor,No,355700.0
1708,2637,2,3,2,2023,Downtown,Fair,No,861000.0
1881,1463,3,2,2,1923,Suburban,Fair,No,230300.0
1154,2532,1,2,3,1945,Rural,Excellent,Yes,297200.0
1662,3838,4,4,1,1925,Rural,Good,Yes,432400.0
1427,605,3,2,1,1958,Downtown,Excellent,No,200500.0
385,2068,4,4,3,1922,Downtown,Excellent,Yes,507800.0
1759,1843,2,2,3,1942,Rural,Good,No,226000.0
855,862,3,1,1,2000,Downtown,Excellent,No,329800.0
1590,625,4,2,3,1965,Urban,Fair,Yes,191800.0
220,4933,4,3,2,1943,Urban,Poor,No,668400.0
642,4688,1,3,1,1968,Downtown,Good,No,1132200.0
2,4272,5,4,3,1958,Downtown,Excellent,No,1072600.0
113,3657,5,1,2,1980,Rural,Excellent,No,567300.0
699,3239,4,1,3,1918,Urban,Poor,Yes,481400.0
1916,1903,4,1,3,2005,Rural,Fair,No,310300.0
952,554,3,3,1,1978,Downtown,Poor,Yes,183300.0
1649,2124,5,3,2,1951,Rural,Excellent,No,321300.0
1637,3673,1,3,1,2014,Downtown,Fair,No,975900.0
1886,4224,4,1,2,1979,Downtown,Poor,Yes,858900.0
1411,3220,5,1,1,1985,Suburban,Fair,No,612000.0
1410,1091,5,2,2,2015,Suburban,Good,No,324600.0
1534,2540,1,3,2,1900,Downtown,Good,No,501800.0
1292,1507,2,2,3,1978,Rural,Excellent,Yes,299800.0
1809,707,4,3,3,1923,Suburban,Good,Yes,164400.0
442,3002,1,1,3,1901,Rural,Good,No,302800.0
1521,3552,4,3,2,1917,Downtown,Good,Yes,769600.0
1137,1420,1,2,2,1997,Downtown,Excellent,No,487200.0
1716,944,3,2,2,1932,Suburban,Fair,Yes,173800.0
1257,1812,2,4,2,2022,Suburban,Excellent,No,563600.0
1864,572,1,1,3,1960,Suburban,Fair,Yes,113700.0
1632,4328,2,2,2,1970,Suburban,Excellent,Yes,813200.0
1696,640,1,4,3,1983,Downtown,Poor,Yes,216800.0
1398,2067,2,4,3,2001,Rural,Poor,Yes,306900.0
664,3266,2,1,1,1913,Suburban,Excellent,Yes,518600.0
1836,4225,2,2,2,2013,Downtown,Good,No,1293100.0
1258,1785,2,2,3,2002,Downtown,Excellent,No,621600.0
1774,572,3,3,1,1924,Downtown,Excellent,No,170000.0
1701,4110,5,1,1,1902,Downtown,Fair,No,753100.0
318,3551,4,3,2,1906,Suburban,Good,Yes,539400.0
649,2893,2,1,3,1948,Downtown,Fair,Yes,539700.0
1435,3644,4,2,3,2022,Suburban,Fair,No,806800.0
1480,1254,3,2,2,1944,Downtown,Excellent,No,304100.0
710,2824,4,2,2,1973,Rural,Good,No,413500.0
1383,1516,2,4,1,1947,Rural,Fair,Yes,207200.0
1283,2512,3,3,3,1930,Suburban,Fair,Yes,385300.0
973,1443,2,4,3,1934,Downtown,Good,No,333900.0
628,4323,4,3,3,1908,Downtown,Fair,No,789500.0
633,1399,5,2,3,1976,Downtown,Excellent,Yes,469300.0
1307,1385,3,3,2,2018,Suburban,Poor,No,311800.0
1401,4697,4,1,2,2020,Urban,Excellent,No,1383900.0
1409,3617,1,4,3,1989,Downtown,Fair,No,878300.0
1249,817,5,3,3,1921,Urban,Excellent,No,225300.0
1953,1959,5,3,1,1944,Urban,Good,Yes,377700.0
1255,4430,3,2,3,1992,Urban,Poor,Yes,882700.0
1497,3125,5,2,2,1961,Downtown,Poor,No,621600.0
1372,4399,5,2,2,1989,Downtown,Good,Yes,1294800.0
1530,4314,1,3,3,1909,Rural,Poor,Yes,347000.0
1664,3389,1,2,1,1916,Rural,Excellent,No,370000.0
1355,3556,5,4,2,2022,Downtown,Fair,Yes,1102600.0
1926,2639,5,1,2,1925,Rural,Poor,Yes,250800.0
1901,1189,3,2,3,1942,Suburban,Fair,No,199100.0
1644,1888,3,3,1,1964,Downtown,Fair,No,428300.0
1849,2690,3,1,1,1925,Suburban,Good,No,404400.0
796,2843,5,1,1,1936,Urban,Excellent,No,587700.0
646,3622,4,4,1,1973,Downtown,Excellent,No,1000100.0
1013,941,4,3,2,1977,Rural,Poor,No,176600.0
1840,3317,2,4,2,1981,Downtown,Excellent,No,958300.0
557,509,5,1,3,1904,Urban,Poor,Yes,136400.0
682,1562,2,4,1,2002,Rural,Good,No,267700.0
578,4136,2,2,1,1950,Rural,Poor,No,349100.0
1110,890,4,1,2,1997,Downtown,Good,Yes,349000.0
1267,4951,2,2,3,1989,Rural,Fair,No,619200.0
1723,2208,1,3,2,1923,Rural,Excellent,Yes,290600.0
1184,2608,3,4,3,1979,Suburban,Poor,Yes,413900.0
525,3986,1,1,3,1908,Suburban,Fair,No,488700.0
1060,2262,1,1,2,1977,Suburban,Fair,No,362500.0
541,4219,5,3,1,1991,Urban,Poor,No,828400.0
1195,3901,1,4,1,1968,Urban,Excellent,Yes,836500.0
1679,3330,2,3,2,2018,Rural,Good,No,585800.0
749,4244,4,1,2,1902,Rural,Good,No,429400.0
1852,4607,5,2,3,1993,Rural,Good,No,737300.0
1431,816,3,4,1,1945,Suburban,Fair,No,155600.0
485,3641,1,4,1,1924,Rural,Excellent,Yes,421900.0
1758,1269,5,4,2,1975,Urban,Good,Yes,379700.0
96,1528,2,3,1,1901,Rural,Poor,Yes,154100.0
1021,4424,5,2,1,2011,Suburban,Fair,Yes,952700.0
564,2693,4,2,2,1937,Rural,Fair,Yes,292500.0
1265,3104,3,3,2,1961,Urban,Excellent,Yes,710300.0
743,4915,1,4,2,1965,Downtown,Excellent,Yes,1230700.0
864,3230,1,2,1,1998,Suburban,Fair,Yes,654500.0
1599,2469,1,1,2,1918,Rural,Good,Yes,264400.0
1715,2859,4,4,1,1912,Rural,Poor,No,263200.0
1485,658,4,1,1,1958,Downtown,Good,Yes,199600.0
892,1832,5,3,3,1912,Rural,Excellent,Yes,289300.0
1578,3344,4,2,3,1912,Suburban,Good,Yes,540500.0
1039,4129,1,1,2,1966,Urban,Poor,No,619600.0
207,3691,1,1,2,1924,Urban,Good,Yes,633400.0
393,4607,1,4,3,2004,Urban,Fair,Yes,1019800.0
795,2949,2,4,2,1917,Suburban,Good,No,421800.0
871,3556,3,1,2,1938,Urban,Poor,No,470900.0
398,2582,2,4,2,1908,Urban,Good,No,485500.0
767,3990,5,2,2,1953,Downtown,Good,Yes,863000.0
1842,2225,3,2,3,2004,Rural,Poor,No,287900.0
1242,3887,2,4,1,2001,Suburban,Fair,No,742400.0
1029,1145,1,1,1,1994,Rural,Fair,Yes,182700.0
1793,3274,5,4,2,1910,Rural,Excellent,No,419700.0
643,1171,3,4,1,1985,Suburban,Poor,No,229800.0
1892,4985,2,4,2,1965,Urban,Excellent,Yes,1116800.0
613,4761,5,3,2,1915,Urban,Good,Yes,850000.0
1763,2077,5,1,1,1957,Rural,Good,No,267300.0
961,3810,3,4,1,1956,Urban,Good,No,732600.0
1571,2439,3,3,1,1911,Suburban,Poor,Yes,322300.0
726,505,5,4,1,1939,Suburban,Good,Yes,154300.0
684,1796,3,4,2,1976,Rural,Fair,Yes,288600.0
99,1370,3,4,1,1982,Rural,Fair,Yes,241700.0
805,1748,2,2,1,2005,Urban,Excellent,No,508700.0
1752,2046,4,2,2,1973,Urban,Excellent,No,532800.0
1598,4903,1,3,2,2023,Rural,Excellent,No,977600.0
407,1116,3,1,1,1933,Suburban,Fair,Yes,175300.0
503,3572,4,4,1,1969,Downtown,Excellent,Yes,933700.0
1072,4620,5,3,3,1967,Rural,Good,Yes,620400.0
1057,3211,4,1,1,2005,Suburban,Fair,No,638600.0
930,1222,3,3,2,1993,Rural,Good,Yes,251700.0
780,3060,4,2,2,2003,Suburban,Poor,Yes,577900.0
201,2556,2,4,1,1925,Urban,Fair,No,420800.0
135,2498,5,3,3,1924,Rural,Good,Yes,310200.0
1052,3354,4,1,2,2014,Suburban,Fair,Yes,740800.0
41,2541,4,3,3,1950,Urban,Good,Yes,515600.0
1018,1304,1,1,2,2005,Urban,Good,Yes,354800.0
231,2027,3,3,1,1957,Urban,Good,Yes,407700.0
1514,3869,3,3,2,1963,Downtown,Poor,Yes,655900.0
1797,4374,1,2,2,1938,Downtown,Excellent,Yes,949500.0
379,4046,1,1,2,1938,Urban,Excellent,Yes,831200.0
289,4841,2,3,3,1924,Downtown,Good,No,954400.0
419,3004,4,4,1,1918,Downtown,Poor,Yes,532800.0
1699,4135,4,1,3,1907,Rural,Excellent,No,497000.0
392,2944,3,3,1,1984,Downtown,Excellent,No,895300.0
593,4863,3,2,2,2002,Rural,Fair,No,679700.0
1523,2025,3,4,3,1947,Downtown,Poor,No,354300.0
1163,1420,4,4,3,2006,Rural,Excellent,Yes,337900.0
1087,4140,5,1,1,2000,Downtown,Excellent,No,1391400.0
1496,4311,3,3,3,2004,Urban,Fair,Yes,1112000.0
648,1023,2,4,1,1981,Suburban,Poor,Yes,214100.0
1153,4624,5,4,1,1954,Downtown,Good,No,964900.0
1368,4133,3,2,1,1952,Suburban,Fair,Yes,558300.0
521,1750,4,3,2,1985,Urban,Fair,Yes,407300.0
1863,4419,5,3,2,1919,Downtown,Excellent,No,1031100.0
65,4298,5,3,2,2002,Downtown,Fair,Yes,1224300.0
1837,2101,1,2,1,1970,Rural,Good,Yes,266300.0
15,3885,1,3,1,1970,Urban,Fair,Yes,676000.0
1181,2734,3,3,3,2009,Suburban,Excellent,No,719300.0
1065,2024,4,3,2,2018,Rural,Excellent,Yes,457100.0
493,4634,1,1,3,1908,Downtown,Fair,No,806800.0
380,1351,5,2,1,1911,Downtown,Poor,Yes,258700.0
188,2885,3,1,3,2005,Downtown,Excellent,Yes,988500.0
764,2494,3,1,3,2020,Downtown,Poor,Yes,668200.0
217,598,1,4,2,1960,Suburban,Poor,No,112100.0
792,1100,1,3,1,2015,Suburban,Good,Yes,303000.0
1077,671,4,1,1,2022,Suburban,Excellent,No,220300.0
879,2292,3,4,3,1909,Rural,Excellent,No,305900.0
338,2164,1,4,2,1996,Urban,Poor,Yes,451000.0
1773,4948,1,1,2,1987,Rural,Poor,Yes,509300.0
720,742,1,2,3,1979,Urban,Excellent,Yes,231000.0
1749,3352,5,1,1,2020,Suburban,Excellent,No,904100.0
296,4631,1,4,1,1986,Urban,Poor,No,783800.0
1726,1743,5,2,2,2014,Downtown,Good,No,631500.0
1017,4298,3,2,1,1903,Rural,Good,No,427100.0
1276,4241,4,4,2,1935,Suburban,Fair,Yes,596900.0
1751,1487,4,2,3,1973,Downtown,Fair,Yes,354900.0
1486,2477,3,3,2,1948,Urban,Excellent,Yes,542300.0
456,2656,1,3,1,1934,Urban,Poor,No,344400.0
1997,3046,5,2,1,2019,Suburban,Poor,Yes,618700.0
816,1702,5,2,2,1948,Rural,Good,No,211800.0
1887,1042,4,3,2,1923,Downtown,Fair,No,229800.0
270,3827,3,2,2,1951,Urban,Poor,Yes,554600.0
996,3261,2,4,3,1997,Downtown,Excellent,No,1044300.0
202,3670,3,4,1,1901,Urban,Excellent,Yes,747800.0
162,1266,1,1,2,1981,Rural,Poor,Yes,168400.0
1580,4793,2,1,3,1901,Urban,Poor,No,601300.0
730,1145,1,3,3,1920,Rural,Fair,No,132100.0
402,1275,4,2,1,1924,Suburban,Fair,No,198500.0
703,2862,4,4,3,2019,Urban,Fair,No,760500.0
1501,2297,3,1,1,2000,Suburban,Excellent,Yes,588700.0
1846,761,1,1,3,1983,Downtown,Poor,No,168700.0
1796,1732,1,2,3,2013,Urban,Poor,Yes,393000.0
1130,630,2,1,2,1939,Rural,Fair,No,84000.0
566,4658,4,1,2,2013,Urban,Good,No,1204600.0
1414,4837,5,4,1,1909,Suburban,Excellent,No,868600.0
1022,2589,1,2,2,1924,Urban,Excellent,No,482900.0
1026,841,1,2,3,1968,Suburban,Fair,Yes,179300.0
1412,1213,2,2,1,1930,Rural,Excellent,No,163300.0
1896,4849,5,2,3,1964,Rural,Fair,No,539700.0
1586,775,1,1,2,2002,Downtown,Fair,Yes,250500.0
1105,3859,3,3,1,2010,Downtown,Good,No,1219800.0
206,4999,4,2,1,1967,Downtown,Excellent,No,1244200.0
35,3388,3,3,2,1988,Urban,Fair,Yes,775700.0
776,875,5,2,3,2005,Rural,Excellent,Yes,245900.0
509,3940,1,1,1,1916,Downtown,Fair,Yes,694500.0
1452,3885,5,2,1,2013,Suburban,Fair,Yes,899800.0
1479,3471,4,4,1,1917,Downtown,Fair,Yes,639400.0
1971,1214,2,4,1,1915,Rural,Poor,Yes,152000.0
1391,4360,1,4,2,1905,Downtown,Good,No,863900.0
92,3273,2,3,3,1957,Urban,Poor,No,510100.0
1364,3880,1,1,2,2019,Downtown,Poor,No,888900.0
898,2125,2,3,1,1908,Suburban,Poor,No,257900.0
565,723,4,4,3,1919,Urban,Good,No,198000.0
1370,1459,2,1,1,2004,Rural,Excellent,Yes,276700.0
777,4030,3,1,2,1995,Urban,Poor,No,727800.0
242,2985,4,3,3,1969,Urban,Poor,Yes,530900.0
14,1684,1,1,1,2004,Rural,Good,No,235300.0
316,3160,2,3,2,1915,Urban,Poor,No,431500.0
601,3874,3,2,3,1983,Suburban,Fair,No,695400.0
388,3998,3,3,3,2003,Rural,Excellent,No,757900.0
1298,1071,1,3,2,1972,Suburban,Good,No,212600.0
167,2430,4,2,1,1988,Urban,Fair,No,558200.0
841,594,2,2,1,1949,Urban,Fair,Yes,136000.0
21,2547,4,4,2,1935,Suburban,Good,Yes,445500.0
647,4400,2,2,3,1923,Suburban,Good,No,555600.0
1843,2189,2,4,2,1987,Downtown,Poor,Yes,497600.0
1509,4123,3,3,3,1918,Urban,Poor,No,564800.0
1155,4913,5,1,2,1923,Urban,Good,Yes,906100.0
1529,629,5,1,3,2008,Urban,Fair,No,226600.0
832,3412,5,2,1,2006,Downtown,Excellent,No,1121100.0
1268,4786,5,2,3,2003,Rural,Good,No,726800.0
1591,4565,3,4,2,1915,Downtown,Fair,No,792000.0
1900,4350,3,3,2,1934,Urban,Poor,No,578900.0
563,3636,3,3,3,1960,Downtown,Good,No,843700.0
1952,4304,5,4,3,1939,Suburban,Poor,Yes,564500.0
687,3783,1,3,2,1961,Suburban,Good,Yes,612500.0
958,3306,5,1,2,1917,Suburban,Excellent,No,563000.0
190,2302,3,2,3,1932,Rural,Poor,No,202300.0
1807,1516,1,4,3,1957,Urban,Fair,No,293200.0
976,2698,5,1,1,1941,Downtown,Fair,No,467300.0
700,2261,5,2,3,1990,Rural,Poor,Yes,332900.0
1500,3479,4,4,1,1999,Downtown,Poor,Yes,851000.0
1706,4516,2,2,2,1978,Urban,Excellent,No,1066400.0
511,1428,1,1,1,1939,Downtown,Good,Yes,298300.0
1083,3615,5,2,2,1982,Downtown,Poor,No,744800.0
475,1888,3,3,3,1965,Suburban,Fair,No,351600.0
1585,1535,3,1,1,1933,Downtown,Excellent,No,362700.0
857,2765,2,2,2,1954,Urban,Excellent,Yes,567000.0
748,2526,1,2,1,1937,Urban,Excellent,Yes,478200.0
253,1569,3,1,1,1942,Downtown,Good,No,351700.0
22,3247,4,3,1,1931,Downtown,Excellent,No,732800.0
1338,3593,2,2,3,1951,Downtown,Fair,No,664400.0
460,1232,5,3,3,1959,Suburban,Excellent,Yes,291200.0
1185,4568,5,1,3,1992,Urban,Excellent,No,1174500.0
277,3233,1,4,1,2013,Suburban,Excellent,Yes,844700.0
956,1332,1,4,2,1923,Rural,Poor,Yes,159500.0
1216,4755,5,1,3,1924,Urban,Fair,No,783800.0
386,4500,4,4,2,1947,Downtown,Fair,Yes,852700.0
806,3554,1,1,2,1985,Urban,Good,Yes,783800.0
1438,1052,3,2,1,1977,Downtown,Excellent,No,351300.0
1516,1025,2,2,2,1946,Suburban,Excellent,No,190000.0
344,3843,3,3,3,1925,Downtown,Excellent,No,847700.0
770,2104,5,4,3,2021,Urban,Good,No,726200.0
1333,2704,1,1,2,2018,Rural,Fair,Yes,417400.0
1686,520,3,2,1,1913,Rural,Excellent,No,100600.0
131,1209,2,2,3,1956,Suburban,Fair,No,190100.0
1688,1514,1,2,2,1999,Rural,Poor,No,198100.0
872,1103,5,1,2,1977,Rural,Good,Yes,211900.0
1124,1966,4,3,2,1995,Rural,Poor,No,272500.0
1397,665,1,2,2,1997,Urban,Poor,No,147800.0
88,2954,3,1,3,1996,Suburban,Excellent,No,698800.0
1483,1402,2,3,3,1958,Rural,Good,Yes,227800.0
331,1869,3,2,3,1921,Downtown,Excellent,No,443300.0
1239,4472,3,2,3,1976,Downtown,Poor,Yes,900800.0
467,1691,3,3,3,1948,Urban,Fair,No,314300.0
122,2163,5,1,1,2005,Urban,Good,No,567500.0
1639,2137,2,1,3,1917,Downtown,Good,Yes,481400.0
1045,3863,3,4,2,2009,Suburban,Fair,Yes,816500.0
1725,1800,4,1,1,2010,Suburban,Excellent,No,462300.0
1096,3652,4,4,3,2006,Downtown,Fair,Yes,1051000.0
1131,3483,5,3,3,1931,Downtown,Good,Yes,744300.0
1295,1747,3,3,2,1941,Downtown,Fair,Yes,363100.0
861,1484,2,3,3,1973,Downtown,Good,No,399400.0
1460,3456,5,4,1,1955,Downtown,Good,Yes,803100.0
1127,1682,2,1,3,2006,Suburban,Good,No,389900.0
